Frecuencia,0,10,20,30,40,50,60,70,80,90,-90,-80,-70,-60,-50,-40,-30,-20,-10
63.523,0,0.469994,1.212017,1.399269,1.339047,0.678162,1.201966,1.194336,1.356251,1.002602,1.002602,1.356251,1.194336,1.201966,0.678162,1.339047,1.399269,1.212017,0.469994
64.314,0,0.450757,1.209851,1.314106,1.112671,0.505993,0.993985,0.931874,1.16642,0.788746,0.788746,1.16642,0.931874,0.993985,0.505993,1.112671,1.314106,1.209851,0.450757
65.114,0,0.328629,1.180161,1.220341,0.759182,0.320275,0.638382,0.574551,0.866871,0.455239,0.455239,0.866871,0.574551,0.638382,0.320275,0.759182,1.220341,1.180161,0.328629
65.925,0,0.173386,1.133896,1.099907,0.36374,0.160016,0.245389,0.197915,0.55024,0.097722,0.097722,0.55024,0.197915,0.245389,0.160016,0.36374,1.099907,1.133896,0.173386
66.745,0,0.055019,1.079483,0.9645,0.015106,0.043308,-0.089673,-0.13276,0.289089,-0.197495,-0.197495,0.289089,-0.13276,-0.089673,0.043308,0.015106,0.9645,1.079483,0.055019
67.576,0,-0.007881,1.008873,0.825974,-0.248169,-0.028889,-0.337257,-0.38269,0.107582,-0.40105,-0.40105,0.107582,-0.38269,-0.337257,-0.028889,-0.248169,0.825974,1.008873,-0.007881
68.418,0,-0.047505,0.919521,0.697887,-0.454292,-0.06073,-0.543797,-0.551243,-0.017185,-0.539257,-0.539257,-0.017185,-0.551243,-0.543797,-0.06073,-0.454292,0.697887,0.919521,-0.047505
69.269,0,-0.063622,0.825806,0.585243,-0.598724,-0.059517,-0.708656,-0.659454,-0.098618,-0.617447,-0.617447,-0.098618,-0.659454,-0.708656,-0.059517,-0.598724,0.585243,0.825806,-0.063622
70.132,0,-0.066345,0.73513,0.490936,-0.685585,-0.0294,-0.836525,-0.728863,-0.152634,-0.650566,-0.650566,-0.152634,-0.728863,-0.836525,-0.0294,-0.685585,0.490936,0.73513,-0.066345
71.005,0,-0.061454,0.660088,0.416947,-0.718414,0.037964,-0.937263,-0.777847,-0.190753,-0.650272,-0.650272,-0.190753,-0.777847,-0.937263,0.037964,-0.718414,0.416947,0.660088,-0.061454
71.889,0,-0.055451,0.603653,0.362221,-0.708756,0.124946,-1.021332,-0.819229,-0.222016,-0.632584,-0.632584,-0.222016,-0.819229,-1.021332,0.124946,-0.708756,0.362221,0.603653,-0.055451
72.784,0,-0.050972,0.564805,0.329575,-0.677124,0.198624,-1.095199,-0.85411,-0.245758,-0.610206,-0.610206,-0.245758,-0.85411,-1.095199,0.198624,-0.677124,0.329575,0.564805,-0.050972
73.69,0,-0.048829,0.542945,0.319728,-0.641842,0.242569,-1.164124,-0.880478,-0.25734,-0.591603,-0.591603,-0.25734,-0.880478,-1.164124,0.242569,-0.641842,0.319728,0.542945,-0.048829
74.607,0,-0.049049,0.537216,0.332699,-0.610218,0.260944,-1.230774,-0.896568,-0.255013,-0.579712,-0.579712,-0.255013,-0.896568,-1.230774,0.260944,-0.610218,0.332699,0.537216,-0.049049
75.536,0,-0.052147,0.543167,0.362827,-0.588215,0.259781,-1.295906,-0.903374,-0.243138,-0.573986,-0.573986,-0.243138,-0.903374,-1.295906,0.259781,-0.588215,0.362827,0.543167,-0.052147
76.476,0,-0.055244,0.556347,0.401612,-0.579441,0.249771,-1.354931,-0.901222,-0.225906,-0.568073,-0.568073,-0.225906,-0.901222,-1.354931,0.249771,-0.579441,0.401612,0.556347,-0.055244
77.428,0,-0.053573,0.572235,0.442345,-0.582989,0.255051,-1.398521,-0.890568,-0.204201,-0.552002,-0.552002,-0.204201,-0.890568,-1.398521,0.255051,-0.582989,0.442345,0.572235,-0.053573
78.392,0,-0.041263,0.583748,0.479851,-0.594749,0.292027,-1.416957,-0.869854,-0.177581,-0.513332,-0.513332,-0.177581,-0.869854,-1.416957,0.292027,-0.594749,0.479851,0.583748,-0.041263
79.368,0,-0.007736,0.58435,0.511215,-0.606797,0.360878,-1.407463,-0.838547,-0.143891,-0.44471,-0.44471,-0.143891,-0.838547,-1.407463,0.360878,-0.606797,0.511215,0.58435,-0.007736
80.356,0,0.05597,0.56469,0.532597,-0.610973,0.452233,-1.375495,-0.796062,-0.102188,-0.343727,-0.343727,-0.102188,-0.796062,-1.375495,0.452233,-0.610973,0.532597,0.56469,0.05597
81.356,0,0.1488,0.51545,0.54245,-0.600998,0.553787,-1.341766,-0.747997,-0.06509,-0.215095,-0.215095,-0.06509,-0.747997,-1.341766,0.553787,-0.600998,0.54245,0.51545,0.1488
82.369,0,0.265759,0.429394,0.537415,-0.571125,0.652065,-1.323254,-0.700733,-0.04842,-0.061989,-0.061989,-0.04842,-0.700733,-1.323254,0.652065,-0.571125,0.537415,0.429394,0.265759
83.394,0,0.399742,0.292961,0.503139,-0.518158,0.721664,-1.32779,-0.661324,-0.070973,0.105583,0.105583,-0.070973,-0.661324,-1.32779,0.721664,-0.518158,0.503139,0.292961,0.399742
84.433,0,0.534974,0.088673,0.445145,-0.462806,0.741139,-1.33834,-0.618782,-0.141429,0.253952,0.253952,-0.141429,-0.618782,-1.33834,0.741139,-0.462806,0.445145,0.088673,0.534974
85.484,0,0.649643,-0.162712,0.389873,-0.434445,0.687305,-1.324845,-0.55743,-0.255181,0.334015,0.334015,-0.255181,-0.55743,-1.324845,0.687305,-0.434445,0.389873,-0.162712,0.649643
86.548,0,0.678086,-0.416946,0.318157,-0.484634,0.545952,-1.357982,-0.549774,-0.413337,0.316849,0.316849,-0.413337,-0.549774,-1.357982,0.545952,-0.484634,0.318157,-0.416946,0.678086
87.625,0,0.630462,-0.604325,0.225029,-0.604661,0.325927,-1.401253,-0.599938,-0.570595,0.208919,0.208919,-0.570595,-0.599938,-1.401253,0.325927,-0.604661,0.225029,-0.604325,0.630462
88.716,0,0.573795,-0.696602,0.111103,-0.722149,0.062008,-1.400845,-0.700008,-0.69294,0.060856,0.060856,-0.69294,-0.700008,-1.400845,0.062008,-0.722149,0.111103,-0.696602,0.573795
89.82,0,0.524571,-0.732933,-0.005672,-0.835853,-0.199916,-1.414459,-0.825897,-0.796897,-0.105827,-0.105827,-0.796897,-0.825897,-1.414459,-0.199916,-0.835853,-0.005672,-0.732933,0.524571
90.939,0,0.495506,-0.744614,-0.111008,-0.941582,-0.425866,-1.462281,-0.958275,-0.891316,-0.267243,-0.267243,-0.891316,-0.958275,-1.462281,-0.425866,-0.941582,-0.111008,-0.744614,0.495506
92.071,0,0.483104,-0.739354,-0.199517,-1.03685,-0.603234,-1.530484,-1.07811,-0.990525,-0.427491,-0.427491,-0.990525,-1.07811,-1.530484,-0.603234,-1.03685,-0.199517,-0.739354,0.483104
93.217,0,0.493077,-0.714447,-0.26358,-1.103775,-0.720405,-1.590149,-1.172325,-1.092361,-0.577812,-0.577812,-1.092361,-1.172325,-1.590149,-0.720405,-1.103775,-0.26358,-0.714447,0.493077
94.377,0,0.527542,-0.684853,-0.299847,-1.128552,-0.792046,-1.625531,-1.249421,-1.181481,-0.691285,-0.691285,-1.181481,-1.249421,-1.625531,-0.792046,-1.128552,-0.299847,-0.684853,0.527542
95.552,0,0.573021,-0.654766,-0.318016,-1.121483,-0.83622,-1.641655,-1.314213,-1.260998,-0.76976,-0.76976,-1.260998,-1.314213,-1.641655,-0.83622,-1.121483,-0.318016,-0.654766,0.573021
96.742,0,0.619148,-0.627068,-0.325401,-1.092888,-0.866497,-1.631725,-1.349335,-1.31382,-0.812798,-0.812798,-1.31382,-1.349335,-1.631725,-0.866497,-1.092888,-0.325401,-0.627068,0.619148
97.946,0,0.659912,-0.603417,-0.327053,-1.048424,-0.885716,-1.589668,-1.341736,-1.324825,-0.819607,-0.819607,-1.324825,-1.341736,-1.589668,-0.885716,-1.048424,-0.327053,-0.603417,0.659912
99.165,0,0.695945,-0.579625,-0.322579,-0.993615,-0.906296,-1.52504,-1.313866,-1.296235,-0.793694,-0.793694,-1.296235,-1.313866,-1.52504,-0.906296,-0.993615,-0.322579,-0.579625,0.695945
100.4,0,0.734001,-0.546455,-0.30822,-0.929558,-0.934879,-1.444801,-1.274666,-1.238968,-0.740036,-0.740036,-1.238968,-1.274666,-1.444801,-0.934879,-0.929558,-0.30822,-0.546455,0.734001
101.65,0,0.775589,-0.514923,-0.284184,-0.855549,-0.949173,-1.354569,-1.221436,-1.168583,-0.667294,-0.667294,-1.168583,-1.221436,-1.354569,-0.949173,-0.855549,-0.284184,-0.514923,0.775589
102.915,0,0.821179,-0.486107,-0.254135,-0.775158,-0.935146,-1.26424,-1.158676,-1.098289,-0.58554,-0.58554,-1.098289,-1.158676,-1.26424,-0.935146,-0.775158,-0.254135,-0.486107,0.821179
104.196,0,0.880882,-0.454056,-0.210221,-0.684395,-0.905991,-1.177399,-1.088173,-1.02789,-0.491982,-0.491982,-1.02789,-1.088173,-1.177399,-0.905991,-0.684395,-0.210221,-0.454056,0.880882
105.493,0,0.947602,-0.416393,-0.161369,-0.58213,-0.89838,-1.111366,-1.020507,-0.970363,-0.402343,-0.402343,-0.970363,-1.020507,-1.111366,-0.89838,-0.58213,-0.161369,-0.416393,0.947602
106.806,0,0.993973,-0.394737,-0.134796,-0.512192,-0.946884,-1.100273,-0.989365,-0.96682,-0.356915,-0.356915,-0.96682,-0.989365,-1.100273,-0.946884,-0.512192,-0.134796,-0.394737,0.993973
108.136,0,1.044502,-0.388211,-0.101777,-0.47675,-0.970852,-1.103337,-0.98589,-1.015664,-0.348408,-0.348408,-1.015664,-0.98589,-1.103337,-0.970852,-0.47675,-0.101777,-0.388211,1.044502
109.482,0,1.084073,-0.395076,-0.074691,-0.489017,-0.98357,-1.147384,-1.042774,-1.160533,-0.402729,-0.402729,-1.160533,-1.042774,-1.147384,-0.98357,-0.489017,-0.074691,-0.395076,1.084073
110.845,0,1.082047,-0.414337,-0.092468,-0.563328,-1.073555,-1.281158,-1.196655,-1.435558,-0.545913,-0.545913,-1.435558,-1.196655,-1.281158,-1.073555,-0.563328,-0.092468,-0.414337,1.082047
112.225,0,1.05455,-0.460892,-0.13733,-0.701447,-1.155587,-1.398728,-1.370736,-1.810334,-0.792351,-0.792351,-1.810334,-1.370736,-1.398728,-1.155587,-0.701447,-0.13733,-0.460892,1.05455
113.622,0,0.940094,-0.527241,-0.182979,-0.821819,-1.148807,-1.459606,-1.497524,-2.146187,-1.110325,-1.110325,-2.146187,-1.497524,-1.459606,-1.148807,-0.821819,-0.182979,-0.527241,0.940094
115.037,0,0.759476,-0.606357,-0.2182,-0.921745,-1.057064,-1.472053,-1.514484,-2.274421,-1.344894,-1.344894,-2.274421,-1.514484,-1.472053,-1.057064,-0.921745,-0.2182,-0.606357,0.759476
116.469,0,0.556553,-0.678673,-0.218708,-0.992977,-0.886852,-1.427299,-1.374962,-2.09634,-1.366989,-1.366989,-2.09634,-1.374962,-1.427299,-0.886852,-0.992977,-0.218708,-0.678673,0.556553
117.919,0,0.273056,-0.784531,-0.266411,-1.007805,-0.751579,-1.363838,-1.187012,-1.76836,-1.283768,-1.283768,-1.76836,-1.187012,-1.363838,-0.751579,-1.007805,-0.266411,-0.784531,0.273056
119.386,0,-0.048027,-0.909272,-0.376995,-0.975495,-0.703507,-1.310242,-1.040142,-1.455765,-1.208306,-1.208306,-1.455765,-1.040142,-1.310242,-0.703507,-0.975495,-0.376995,-0.909272,-0.048027
120.873,0,-0.25222,-0.884689,-0.437919,-0.929157,-0.627777,-1.208564,-0.919964,-1.233162,-1.156913,-1.156913,-1.233162,-0.919964,-1.208564,-0.627777,-0.929157,-0.437919,-0.884689,-0.25222
122.377,0,-0.39378,-0.803841,-0.485512,-0.89608,-0.572289,-1.138047,-0.844563,-1.111344,-1.169258,-1.169258,-1.111344,-0.844563,-1.138047,-0.572289,-0.89608,-0.485512,-0.803841,-0.39378
123.901,0,-0.484802,-0.713017,-0.519344,-0.877594,-0.549576,-1.114693,-0.815842,-1.075642,-1.242649,-1.242649,-1.075642,-0.815842,-1.114693,-0.549576,-0.877594,-0.519344,-0.713017,-0.484802
125.443,0,-0.553768,-0.660274,-0.576687,-0.907097,-0.592708,-1.175918,-0.882885,-1.152675,-1.405945,-1.405945,-1.152675,-0.882885,-1.175918,-0.592708,-0.907097,-0.576687,-0.660274,-0.553768
127.005,0,-0.624684,-0.681637,-0.682541,-1.002777,-0.721138,-1.349427,-1.079293,-1.361988,-1.684204,-1.684204,-1.361988,-1.079293,-1.349427,-0.721138,-1.002777,-0.682541,-0.681637,-0.624684
128.586,0,-0.70483,-0.724601,-0.804119,-1.131427,-0.867855,-1.556957,-1.325683,-1.648883,-2.037761,-2.037761,-1.648883,-1.325683,-1.556957,-0.867855,-1.131427,-0.804119,-0.724601,-0.70483
130.187,0,-0.775959,-0.758411,-0.900688,-1.228382,-1.005192,-1.715176,-1.578655,-1.957653,-2.376099,-2.376099,-1.957653,-1.578655,-1.715176,-1.005192,-1.228382,-0.900688,-0.758411,-0.775959
131.807,0,-0.791462,-0.73967,-0.926685,-1.227558,-1.098873,-1.764793,-1.766109,-2.177937,-2.587318,-2.587318,-2.177937,-1.766109,-1.764793,-1.098873,-1.227558,-0.926685,-0.73967,-0.791462
133.448,0,-0.771015,-0.689735,-0.912082,-1.1814,-1.131752,-1.724384,-1.847561,-2.26403,-2.651356,-2.651356,-2.26403,-1.847561,-1.724384,-1.131752,-1.1814,-0.912082,-0.689735,-0.771015
135.109,0,-0.744678,-0.637764,-0.880317,-1.114563,-1.115409,-1.628715,-1.838466,-2.229168,-2.601089,-2.601089,-2.229168,-1.838466,-1.628715,-1.115409,-1.114563,-0.880317,-0.637764,-0.744678
136.791,0,-0.722275,-0.592861,-0.841046,-1.040562,-1.06509,-1.503735,-1.770184,-2.107647,-2.472546,-2.472546,-2.107647,-1.770184,-1.503735,-1.06509,-1.040562,-0.841046,-0.592861,-0.722275
138.494,0,-0.724919,-0.5705,-0.819626,-0.990631,-1.027767,-1.402741,-1.710942,-2.001755,-2.344601,-2.344601,-2.001755,-1.710942,-1.402741,-1.027767,-0.990631,-0.819626,-0.5705,-0.724919
140.218,0,-0.761883,-0.579976,-0.83009,-0.97807,-1.025265,-1.346066,-1.681881,-1.935597,-2.247353,-2.247353,-1.935597,-1.681881,-1.346066,-1.025265,-0.97807,-0.83009,-0.579976,-0.761883
141.964,0,-0.77031,-0.593994,-0.833367,-0.966072,-1.01817,-1.311928,-1.652352,-1.887703,-2.17265,-2.17265,-1.887703,-1.652352,-1.311928,-1.01817,-0.966072,-0.833367,-0.593994,-0.77031
143.731,0,-0.776863,-0.61156,-0.841655,-0.973674,-1.029224,-1.306476,-1.64796,-1.87807,-2.128677,-2.128677,-1.87807,-1.64796,-1.306476,-1.029224,-0.973674,-0.841655,-0.61156,-0.776863
145.52,0,-0.778122,-0.623856,-0.848809,-0.989102,-1.052475,-1.317349,-1.6591,-1.893978,-2.103909,-2.103909,-1.893978,-1.6591,-1.317349,-1.052475,-0.989102,-0.848809,-0.623856,-0.778122
147.332,0,-0.748921,-0.621453,-0.826576,-0.975868,-1.0159,-1.290444,-1.639614,-1.898194,-2.05328,-2.05328,-1.898194,-1.639614,-1.290444,-1.0159,-0.975868,-0.826576,-0.621453,-0.748921
149.166,0,-0.699974,-0.607376,-0.786377,-0.943428,-0.964164,-1.239364,-1.589508,-1.858757,-1.964737,-1.964737,-1.858757,-1.589508,-1.239364,-0.964164,-0.943428,-0.786377,-0.607376,-0.699974
151.023,0,-0.645161,-0.594643,-0.757142,-0.9124,-0.914059,-1.187706,-1.528607,-1.782303,-1.856175,-1.856175,-1.782303,-1.528607,-1.187706,-0.914059,-0.9124,-0.757142,-0.594643,-0.645161
152.903,0,-0.585727,-0.585136,-0.736408,-0.89138,-0.865345,-1.147602,-1.472919,-1.713207,-1.749763,-1.749763,-1.713207,-1.472919,-1.147602,-0.865345,-0.89138,-0.736408,-0.585136,-0.585727
154.806,0,-0.525322,-0.576572,-0.716343,-0.879822,-0.834026,-1.125069,-1.428413,-1.652069,-1.647816,-1.647816,-1.652069,-1.428413,-1.125069,-0.834026,-0.879822,-0.716343,-0.576572,-0.525322
156.734,0,-0.482914,-0.590908,-0.718216,-0.890476,-0.837891,-1.13398,-1.415505,-1.622925,-1.598618,-1.598618,-1.622925,-1.415505,-1.13398,-0.837891,-0.890476,-0.718216,-0.590908,-0.482914
158.685,0,-0.451271,-0.613117,-0.735779,-0.921982,-0.87326,-1.171245,-1.439979,-1.63829,-1.601249,-1.601249,-1.63829,-1.439979,-1.171245,-0.87326,-0.921982,-0.735779,-0.613117,-0.451271
160.66,0,-0.415058,-0.615551,-0.749206,-0.946464,-0.90823,-1.211979,-1.465092,-1.669056,-1.626625,-1.626625,-1.669056,-1.465092,-1.211979,-0.90823,-0.946464,-0.749206,-0.615551,-0.415058
162.66,0,-0.37112,-0.597408,-0.744514,-0.950222,-0.921631,-1.228474,-1.46529,-1.681087,-1.62566,-1.62566,-1.681087,-1.46529,-1.228474,-0.921631,-0.950222,-0.744514,-0.597408,-0.37112
164.685,0,-0.34792,-0.599213,-0.757408,-0.976544,-0.952461,-1.261959,-1.480274,-1.71344,-1.642159,-1.642159,-1.71344,-1.480274,-1.261959,-0.952461,-0.976544,-0.757408,-0.599213,-0.34792
166.735,0,-0.347557,-0.626896,-0.794411,-1.031319,-1.013973,-1.328926,-1.528824,-1.786133,-1.69276,-1.69276,-1.786133,-1.528824,-1.328926,-1.013973,-1.031319,-0.794411,-0.626896,-0.347557
168.811,0,-0.356712,-0.650493,-0.841209,-1.115829,-1.114296,-1.4505,-1.630394,-1.924843,-1.815693,-1.815693,-1.924843,-1.630394,-1.4505,-1.114296,-1.115829,-0.841209,-0.650493,-0.356712
170.912,0,-0.37571,-0.676567,-0.898888,-1.225708,-1.249169,-1.62677,-1.78648,-2.126942,-1.997269,-1.997269,-2.126942,-1.78648,-1.62677,-1.249169,-1.225708,-0.898888,-0.676567,-0.37571
173.04,0,-0.385696,-0.689163,-0.93457,-1.317196,-1.389953,-1.811027,-1.97771,-2.381878,-2.241993,-2.241993,-2.381878,-1.97771,-1.811027,-1.389953,-1.317196,-0.93457,-0.689163,-0.385696
175.194,0,-0.386963,-0.684197,-0.940216,-1.372757,-1.514694,-1.974678,-2.177048,-2.668045,-2.534943,-2.534943,-2.668045,-2.177048,-1.974678,-1.514694,-1.372757,-0.940216,-0.684197,-0.386963
177.375,0,-0.378277,-0.634327,-0.89962,-1.368267,-1.569901,-2.058773,-2.314396,-2.90147,-2.784958,-2.784958,-2.90147,-2.314396,-2.058773,-1.569901,-1.368267,-0.89962,-0.634327,-0.378277
179.583,0,-0.35009,-0.546264,-0.816993,-1.304359,-1.552951,-2.060573,-2.369117,-3.049392,-2.96833,-2.96833,-3.049392,-2.369117,-2.060573,-1.552951,-1.304359,-0.816993,-0.546264,-0.35009
181.819,0,-0.306015,-0.440624,-0.705082,-1.19751,-1.484031,-1.999817,-2.35448,-3.133087,-3.092956,-3.092956,-3.133087,-2.35448,-1.999817,-1.484031,-1.19751,-0.705082,-0.440624,-0.306015
184.082,0,-0.287754,-0.327568,-0.575867,-1.070519,-1.389496,-1.888794,-2.299751,-3.201306,-3.179505,-3.179505,-3.201306,-2.299751,-1.888794,-1.389496,-1.070519,-0.575867,-0.327568,-0.287754
186.374,0,-0.26099,-0.224277,-0.448398,-0.937252,-1.27901,-1.746864,-2.202694,-3.224079,-3.224411,-3.224411,-3.224079,-2.202694,-1.746864,-1.27901,-0.937252,-0.448398,-0.224277,-0.26099
188.694,0,-0.228016,-0.139685,-0.333012,-0.817135,-1.174927,-1.617993,-2.100438,-3.232739,-3.246022,-3.246022,-3.232739,-2.100438,-1.617993,-1.174927,-0.817135,-0.333012,-0.139685,-0.228016
191.043,0,-0.209637,-0.078697,-0.24643,-0.741778,-1.133051,-1.546507,-2.052679,-3.279322,-3.312815,-3.312815,-3.279322,-2.052679,-1.546507,-1.133051,-0.741778,-0.24643,-0.078697,-0.209637
193.421,0,-0.204897,-0.030794,-0.179271,-0.683954,-1.093168,-1.488313,-2.016668,-3.336008,-3.38273,-3.38273,-3.336008,-2.016668,-1.488313,-1.093168,-0.683954,-0.179271,-0.030794,-0.204897
195.829,0,-0.201836,0.008545,-0.113831,-0.625544,-1.043242,-1.421271,-1.972933,-3.36772,-3.416033,-3.416033,-3.36772,-1.972933,-1.421271,-1.043242,-0.625544,-0.113831,0.008545,-0.201836
198.267,0,-0.204495,0.036936,-0.060034,-0.571957,-0.995255,-1.350899,-1.921795,-3.345844,-3.403652,-3.403652,-3.345844,-1.921795,-1.350899,-0.995255,-0.571957,-0.060034,0.036936,-0.204495
200.735,0,-0.184925,0.046854,-0.030861,-0.532341,-0.953587,-1.290295,-1.875546,-3.305206,-3.369198,-3.369198,-3.305206,-1.875546,-1.290295,-0.953587,-0.532341,-0.030861,0.046854,-0.184925
203.234,0,-0.149553,0.061074,0.004645,-0.474397,-0.894193,-1.2119,-1.787317,-3.19668,-3.237779,-3.237779,-3.19668,-1.787317,-1.2119,-0.894193,-0.474397,0.004645,0.061074,-0.149553
205.764,0,-0.104017,0.088158,0.069523,-0.367887,-0.794401,-1.07147,-1.615293,-2.938673,-2.939729,-2.939729,-2.938673,-1.615293,-1.07147,-0.794401,-0.367887,0.069523,0.088158,-0.104017
208.325,0,-0.03745,0.12086,0.134488,-0.26412,-0.70321,-0.933267,-1.43696,-2.629106,-2.618227,-2.618227,-2.629106,-1.43696,-0.933267,-0.70321,-0.26412,0.134488,0.12086,-0.03745
210.919,0,0.031176,0.145273,0.182848,-0.182819,-0.62112,-0.847713,-1.335857,-2.443363,-2.454872,-2.454872,-2.443363,-1.335857,-0.847713,-0.62112,-0.182819,0.182848,0.145273,0.031176
213.544,0,0.073013,0.150585,0.207004,-0.133934,-0.560065,-0.80987,-1.294146,-2.332438,-2.370089,-2.370089,-2.332438,-1.294146,-0.80987,-0.560065,-0.133934,0.207004,0.150585,0.073013
216.203,0,0.085478,0.140305,0.215893,-0.112781,-0.528203,-0.804624,-1.290483,-2.273023,-2.340009,-2.340009,-2.273023,-1.290483,-0.804624,-0.528203,-0.112781,0.215893,0.140305,0.085478
218.894,0,0.110026,0.135002,0.226527,-0.082369,-0.473392,-0.779552,-1.253269,-2.181919,-2.25317,-2.25317,-2.181919,-1.253269,-0.779552,-0.473392,-0.082369,0.226527,0.135002,0.110026
221.619,0,0.137425,0.115261,0.19392,-0.087395,-0.440292,-0.760479,-1.188328,-2.048454,-2.13604,-2.13604,-2.048454,-1.188328,-0.760479,-0.440292,-0.087395,0.19392,0.115261,0.137425
224.378,0,0.135632,0.059643,0.097828,-0.172682,-0.500736,-0.839559,-1.227743,-2.011118,-2.141676,-2.141676,-2.011118,-1.227743,-0.839559,-0.500736,-0.172682,0.097828,0.059643,0.135632
227.171,0,0.197172,0.027055,0.013075,-0.249453,-0.567093,-0.91281,-1.245728,-1.941406,-2.140305,-2.140305,-1.941406,-1.245728,-0.91281,-0.567093,-0.249453,0.013075,0.027055,0.197172
229.999,0,0.271587,-0.002699,-0.076657,-0.32732,-0.649872,-0.99886,-1.284085,-1.89785,-2.182167,-2.182167,-1.89785,-1.284085,-0.99886,-0.649872,-0.32732,-0.076657,-0.002699,0.271587
232.862,0,0.273332,-0.105057,-0.227099,-0.464754,-0.798111,-1.153135,-1.428137,-1.968268,-2.325812,-2.325812,-1.968268,-1.428137,-1.153135,-0.798111,-0.464754,-0.227099,-0.105057,0.273332
235.761,0,0.275927,-0.17785,-0.347776,-0.572919,-0.916652,-1.278906,-1.544799,-2.020252,-2.438926,-2.438926,-2.020252,-1.544799,-1.278906,-0.916652,-0.572919,-0.347776,-0.17785,0.275927
238.696,0,0.284004,-0.231466,-0.44404,-0.658055,-1.013012,-1.390696,-1.653309,-2.070885,-2.550995,-2.550995,-2.070885,-1.653309,-1.390696,-1.013012,-0.658055,-0.44404,-0.231466,0.284004
241.668,0,0.242023,-0.288172,-0.537301,-0.743103,-1.1061,-1.504755,-1.768435,-2.144175,-2.669985,-2.669985,-2.144175,-1.768435,-1.504755,-1.1061,-0.743103,-0.537301,-0.288172,0.242023
244.676,0,0.18404,-0.324735,-0.613451,-0.817022,-1.185941,-1.600647,-1.869373,-2.196987,-2.787704,-2.787704,-2.196987,-1.869373,-1.600647,-1.185941,-0.817022,-0.613451,-0.324735,0.18404
247.722,0,0.137825,-0.322647,-0.646782,-0.848942,-1.214466,-1.636191,-1.917469,-2.208775,-2.861736,-2.861736,-2.208775,-1.917469,-1.636191,-1.214466,-0.848942,-0.646782,-0.322647,0.137825
250.806,0,0.086594,-0.307884,-0.641499,-0.858021,-1.218119,-1.650572,-1.953764,-2.227497,-2.935989,-2.935989,-2.227497,-1.953764,-1.650572,-1.218119,-0.858021,-0.641499,-0.307884,0.086594
253.928,0,0.02717,-0.295229,-0.650549,-0.88808,-1.241579,-1.689472,-2.02446,-2.280367,-3.067484,-3.067484,-2.280367,-2.02446,-1.689472,-1.241579,-0.88808,-0.650549,-0.295229,0.02717
257.089,0,-0.061798,-0.353393,-0.723257,-0.993185,-1.337023,-1.815786,-2.171573,-2.436695,-3.311434,-3.311434,-2.436695,-2.171573,-1.815786,-1.337023,-0.993185,-0.723257,-0.353393,-0.061798
260.29,0,-0.141535,-0.428896,-0.813141,-1.12196,-1.460438,-1.970702,-2.326184,-2.586432,-3.552979,-3.552979,-2.586432,-2.326184,-1.970702,-1.460438,-1.12196,-0.813141,-0.428896,-0.141535
263.53,0,-0.113163,-0.443697,-0.850315,-1.203556,-1.548032,-2.098016,-2.462377,-2.749214,-3.802671,-3.802671,-2.749214,-2.462377,-2.098016,-1.548032,-1.203556,-0.850315,-0.443697,-0.113163
266.81,0,-0.050459,-0.446673,-0.868178,-1.261054,-1.600581,-2.193814,-2.559166,-2.870694,-4.023629,-4.023629,-2.870694,-2.559166,-2.193814,-1.600581,-1.261054,-0.868178,-0.446673,-0.050459
270.132,0,0.009689,-0.444584,-0.865908,-1.286726,-1.611767,-2.239294,-2.595034,-2.911597,-4.138184,-4.138184,-2.911597,-2.595034,-2.239294,-1.611767,-1.286726,-0.865908,-0.444584,0.009689
273.495,0,0.066652,-0.436116,-0.85929,-1.302977,-1.630288,-2.264929,-2.596703,-2.891665,-4.144671,-4.144671,-2.891665,-2.596703,-2.264929,-1.630288,-1.302977,-0.85929,-0.436116,0.066652
276.899,0,0.123015,-0.418548,-0.845403,-1.308069,-1.640167,-2.276105,-2.595577,-2.868824,-4.150054,-4.150054,-2.868824,-2.595577,-2.276105,-1.640167,-1.308069,-0.845403,-0.418548,0.123015
280.346,0,0.136613,-0.42574,-0.858078,-1.34101,-1.664048,-2.309924,-2.621994,-2.870284,-4.180926,-4.180926,-2.870284,-2.621994,-2.309924,-1.664048,-1.34101,-0.858078,-0.42574,0.136613
283.836,0,0.091677,-0.455799,-0.877838,-1.377496,-1.690435,-2.346029,-2.65644,-2.895916,-4.209709,-4.209709,-2.895916,-2.65644,-2.346029,-1.690435,-1.377496,-0.877838,-0.455799,0.091677
287.37,0,-0.007391,-0.501242,-0.929327,-1.449347,-1.77001,-2.457714,-2.780402,-3.012183,-4.309988,-4.309988,-3.012183,-2.780402,-2.457714,-1.77001,-1.449347,-0.929327,-0.501242,-0.007391
290.947,0,-0.143719,-0.570583,-1.021566,-1.554785,-1.868439,-2.585278,-2.901375,-3.130943,-4.372643,-4.372643,-3.130943,-2.901375,-2.585278,-1.868439,-1.554785,-1.021566,-0.570583,-0.143719
294.569,0,-0.286779,-0.644083,-1.100636,-1.615543,-1.930418,-2.686758,-3.039169,-3.291988,-4.459934,-4.459934,-3.291988,-3.039169,-2.686758,-1.930418,-1.615543,-1.100636,-0.644083,-0.286779
298.236,0,-0.399971,-0.712309,-1.164293,-1.660853,-2.006931,-2.78595,-3.183582,-3.475361,-4.591015,-4.591015,-3.475361,-3.183582,-2.78595,-2.006931,-1.660853,-1.164293,-0.712309,-0.399971
301.949,0,-0.402861,-0.697213,-1.132641,-1.600743,-1.982899,-2.761841,-3.185282,-3.533076,-4.575709,-4.575709,-3.533076,-3.185282,-2.761841,-1.982899,-1.600743,-1.132641,-0.697213,-0.402861
305.708,0,-0.367918,-0.682974,-1.067658,-1.482258,-1.905604,-2.685643,-3.135262,-3.569565,-4.539166,-4.539166,-3.569565,-3.135262,-2.685643,-1.905604,-1.482258,-1.067658,-0.682974,-0.367918
309.513,0,-0.342407,-0.672369,-1.006755,-1.36425,-1.815738,-2.567129,-3.01156,-3.536491,-4.403268,-4.403268,-3.536491,-3.01156,-2.567129,-1.815738,-1.36425,-1.006755,-0.672369,-0.342407
313.366,0,-0.286684,-0.644293,-0.941696,-1.258764,-1.734905,-2.474518,-2.924452,-3.540812,-4.32358,-4.32358,-3.540812,-2.924452,-2.474518,-1.734905,-1.258764,-0.941696,-0.644293,-0.286684
317.267,0,-0.161705,-0.518512,-0.773821,-1.068401,-1.554947,-2.285318,-2.747087,-3.475609,-4.151821,-4.151821,-3.475609,-2.747087,-2.285318,-1.554947,-1.068401,-0.773821,-0.518512,-0.161705
321.217,0,-0.06567,-0.399599,-0.605297,-0.880527,-1.370954,-2.083549,-2.553529,-3.371944,-3.947744,-3.947744,-3.371944,-2.553529,-2.083549,-1.370954,-0.880527,-0.605297,-0.399599,-0.06567
325.216,0,0.019083,-0.318671,-0.485154,-0.729113,-1.213112,-1.893931,-2.365036,-3.25408,-3.732338,-3.732338,-3.25408,-2.365036,-1.893931,-1.213112,-0.729113,-0.485154,-0.318671,0.019083
329.264,0,0.188065,-0.218248,-0.374394,-0.593739,-1.086397,-1.742544,-2.226152,-3.186665,-3.603563,-3.603563,-3.186665,-2.226152,-1.742544,-1.086397,-0.593739,-0.374394,-0.218248,0.188065
333.363,0,0.343656,-0.015545,-0.187073,-0.35677,-0.878067,-1.489916,-2.058087,-3.112555,-3.51636,-3.51636,-3.112555,-2.058087,-1.489916,-0.878067,-0.35677,-0.187073,-0.015545,0.343656
337.513,0,0.489416,0.173683,-0.001927,-0.135966,-0.677338,-1.248045,-1.871987,-3.017702,-3.452435,-3.452435,-3.017702,-1.871987,-1.248045,-0.677338,-0.135966,-0.001927,0.173683,0.489416
341.715,0,0.538521,0.21801,0.033617,-0.074682,-0.644665,-1.189566,-1.856661,-3.06408,-3.553333,-3.553333,-3.06408,-1.856661,-1.189566,-0.644665,-0.074682,0.033617,0.21801,0.538521
345.969,0,0.567922,0.245972,0.059643,-0.045052,-0.630713,-1.162787,-1.858473,-3.145199,-3.664885,-3.664885,-3.145199,-1.858473,-1.162787,-0.630713,-0.045052,0.059643,0.245972,0.567922
350.276,0,0.581885,0.233317,0.046482,-0.067711,-0.662966,-1.174822,-1.89311,-3.216495,-3.768358,-3.768358,-3.216495,-1.89311,-1.174822,-0.662966,-0.067711,0.046482,0.233317,0.581885
354.636,0,0.582085,0.194083,-0.000572,-0.141916,-0.7514,-1.246795,-1.985225,-3.329105,-3.937597,-3.937597,-3.329105,-1.985225,-1.246795,-0.7514,-0.141916,-0.000572,0.194083,0.582085
359.051,0,0.560627,0.157757,-0.042371,-0.219164,-0.834493,-1.3278,-2.098465,-3.451881,-4.098949,-4.098949,-3.451881,-2.098465,-1.3278,-0.834493,-0.219164,-0.042371,0.157757,0.560627
363.521,0,0.54203,0.130882,-0.072012,-0.293226,-0.916958,-1.411819,-2.211389,-3.555527,-4.23316,-4.23316,-3.555527,-2.211389,-1.411819,-0.916958,-0.293226,-0.072012,0.130882,0.54203
368.046,0,0.508328,0.100193,-0.113106,-0.400009,-1.026545,-1.519842,-2.34272,-3.659344,-4.36739,-4.36739,-3.659344,-2.34272,-1.519842,-1.026545,-0.400009,-0.113106,0.100193,0.508328
372.628,0,0.442752,0.045051,-0.169869,-0.500098,-1.102591,-1.586924,-2.423678,-3.687287,-4.422341,-4.422341,-3.687287,-2.423678,-1.586924,-1.102591,-0.500098,-0.169869,0.045051,0.442752
377.266,0,0.408029,0.023574,-0.184412,-0.537405,-1.106396,-1.582041,-2.421284,-3.59396,-4.337492,-4.337492,-3.59396,-2.421284,-1.582041,-1.106396,-0.537405,-0.184412,0.023574,0.408029
381.963,0,0.366077,0.001411,-0.222492,-0.609255,-1.151257,-1.622372,-2.454949,-3.542414,-4.250632,-4.250632,-3.542414,-2.454949,-1.622372,-1.151257,-0.609255,-0.222492,0.001411,0.366077
386.718,0,0.329361,-0.020667,-0.284491,-0.696822,-1.225863,-1.721449,-2.548552,-3.57462,-4.298401,-4.298401,-3.57462,-2.548552,-1.721449,-1.225863,-0.696822,-0.284491,-0.020667,0.329361
391.532,0,0.29108,-0.037575,-0.33371,-0.752678,-1.271629,-1.780825,-2.588863,-3.572302,-4.302244,-4.302244,-3.572302,-2.588863,-1.780825,-1.271629,-0.752678,-0.33371,-0.037575,0.29108
396.406,0,0.237809,-0.073023,-0.418911,-0.853395,-1.377907,-1.903619,-2.701063,-3.658075,-4.382181,-4.382181,-3.658075,-2.701063,-1.903619,-1.377907,-0.853395,-0.418911,-0.073023,0.237809
401.341,0,0.162068,-0.147295,-0.516538,-0.951585,-1.479282,-2.023592,-2.794857,-3.697242,-4.515838,-4.515838,-3.697242,-2.794857,-2.023592,-1.479282,-0.951585,-0.516538,-0.147295,0.162068
406.337,0,0.075588,-0.216799,-0.616885,-1.034041,-1.547957,-2.093354,-2.823601,-3.659382,-4.588166,-4.588166,-3.659382,-2.823601,-2.093354,-1.547957,-1.034041,-0.616885,-0.216799,0.075588
411.395,0,-0.056705,-0.310726,-0.72813,-1.11269,-1.59749,-2.165899,-2.846975,-3.626308,-4.643497,-4.643497,-3.626308,-2.846975,-2.165899,-1.59749,-1.11269,-0.72813,-0.310726,-0.056705
416.517,0,-0.120639,-0.334739,-0.770416,-1.129188,-1.573715,-2.165794,-2.781839,-3.502016,-4.594612,-4.594612,-3.502016,-2.781839,-2.165794,-1.573715,-1.129188,-0.770416,-0.334739,-0.120639
421.702,0,-0.173921,-0.316267,-0.73699,-1.059274,-1.456413,-2.090349,-2.634782,-3.295669,-4.434719,-4.434719,-3.295669,-2.634782,-2.090349,-1.456413,-1.059274,-0.73699,-0.316267,-0.173921
426.951,0,-0.261011,-0.330954,-0.722466,-1.023445,-1.370621,-2.036667,-2.538777,-3.144055,-4.286442,-4.286442,-3.144055,-2.538777,-2.036667,-1.370621,-1.023445,-0.722466,-0.330954,-0.261011
432.266,0,-0.3014,-0.35657,-0.733634,-1.020546,-1.326161,-2.025147,-2.484217,-3.040858,-4.176817,-4.176817,-3.040858,-2.484217,-2.025147,-1.326161,-1.020546,-0.733634,-0.35657,-0.3014
437.648,0,-0.321808,-0.362997,-0.725584,-0.989275,-1.267853,-1.992607,-2.432813,-2.955341,-4.079427,-4.079427,-2.955341,-2.432813,-1.992607,-1.267853,-0.989275,-0.725584,-0.362997,-0.321808
443.096,0,-0.321427,-0.337362,-0.68738,-0.92968,-1.186915,-1.926365,-2.352209,-2.853108,-3.96924,-3.96924,-2.853108,-2.352209,-1.926365,-1.186915,-0.92968,-0.68738,-0.337362,-0.321427
448.612,0,-0.299616,-0.308437,-0.65237,-0.87801,-1.125746,-1.876993,-2.295351,-2.779617,-3.901462,-3.901462,-2.779617,-2.295351,-1.876993,-1.125746,-0.87801,-0.65237,-0.308437,-0.299616
454.196,0,-0.271864,-0.275974,-0.613136,-0.823584,-1.065712,-1.829033,-2.23856,-2.72459,-3.852682,-3.852682,-2.72459,-2.23856,-1.829033,-1.065712,-0.823584,-0.613136,-0.275974,-0.271864
459.851,0,-0.242319,-0.240688,-0.570392,-0.762338,-0.997057,-1.767759,-2.164364,-2.653284,-3.782978,-3.782978,-2.653284,-2.164364,-1.767759,-0.997057,-0.762338,-0.570392,-0.240688,-0.242319
465.575,0,-0.19145,-0.195856,-0.528898,-0.705146,-0.939178,-1.712255,-2.091989,-2.584152,-3.716363,-3.716363,-2.584152,-2.091989,-1.712255,-0.939178,-0.705146,-0.528898,-0.195856,-0.19145
471.371,0,-0.155859,-0.166273,-0.510969,-0.66865,-0.903235,-1.679773,-2.045422,-2.540607,-3.687038,-3.687038,-2.540607,-2.045422,-1.679773,-0.903235,-0.66865,-0.510969,-0.166273,-0.155859
477.239,0,-0.140524,-0.154123,-0.509519,-0.646,-0.88026,-1.668768,-2.023916,-2.522678,-3.692436,-3.692436,-2.522678,-2.023916,-1.668768,-0.88026,-0.646,-0.509519,-0.154123,-0.140524
483.18,0,-0.13546,-0.138684,-0.4984,-0.630322,-0.859681,-1.66956,-2.009364,-2.505932,-3.701859,-3.701859,-2.505932,-2.009364,-1.66956,-0.859681,-0.630322,-0.4984,-0.138684,-0.13546
489.195,0,-0.176944,-0.16242,-0.519104,-0.646457,-0.862321,-1.688785,-2.00118,-2.496271,-3.733148,-3.733148,-2.496271,-2.00118,-1.688785,-0.862321,-0.646457,-0.519104,-0.16242,-0.176944
495.285,0,-0.238648,-0.197649,-0.520459,-0.638209,-0.82798,-1.674328,-1.961432,-2.451926,-3.723526,-3.723526,-2.451926,-1.961432,-1.674328,-0.82798,-0.638209,-0.520459,-0.197649,-0.238648
501.45,0,-0.321016,-0.247068,-0.524711,-0.637398,-0.795755,-1.654529,-1.927986,-2.398453,-3.636274,-3.636274,-2.398453,-1.927986,-1.654529,-0.795755,-0.637398,-0.524711,-0.247068,-0.321016
507.693,0,-0.389538,-0.328636,-0.572148,-0.704842,-0.856028,-1.741848,-2.01994,-2.474099,-3.681231,-3.681231,-2.474099,-2.01994,-1.741848,-0.856028,-0.704842,-0.572148,-0.328636,-0.389538
514.013,0,-0.430966,-0.405207,-0.610085,-0.772743,-0.922775,-1.817551,-2.121191,-2.565203,-3.722983,-3.722983,-2.565203,-2.121191,-1.817551,-0.922775,-0.772743,-0.610085,-0.405207,-0.430966
520.412,0,-0.475606,-0.48109,-0.692787,-0.908556,-1.079187,-2.003612,-2.344636,-2.801532,-3.823652,-3.823652,-2.801532,-2.344636,-2.003612,-1.079187,-0.908556,-0.692787,-0.48109,-0.475606
526.89,0,-0.512581,-0.615683,-0.818453,-1.134539,-1.356363,-2.302637,-2.673102,-3.168917,-4.102087,-4.102087,-3.168917,-2.673102,-2.302637,-1.356363,-1.134539,-0.818453,-0.615683,-0.512581
533.449,0,-0.467338,-0.694446,-0.95191,-1.402349,-1.698694,-2.592048,-3.010101,-3.532819,-4.47401,-4.47401,-3.532819,-3.010101,-2.592048,-1.698694,-1.402349,-0.95191,-0.694446,-0.467338
540.09,0,-0.541954,-0.873709,-1.163473,-1.745338,-2.155628,-3.021393,-3.512125,-4.081278,-5.055332,-5.055332,-4.081278,-3.512125,-3.021393,-2.155628,-1.745338,-1.163473,-0.873709,-0.541954
546.814,0,-0.511713,-0.954018,-1.358519,-2.100945,-2.688322,-3.488512,-4.099216,-4.769306,-5.762932,-5.762932,-4.769306,-4.099216,-3.488512,-2.688322,-2.100945,-1.358519,-0.954018,-0.511713
553.621,0,-0.382852,-0.819082,-1.286869,-2.090444,-2.790365,-3.552112,-4.152917,-4.945173,-5.981996,-5.981996,-4.945173,-4.152917,-3.552112,-2.790365,-2.090444,-1.286869,-0.819082,-0.382852
560.513,0,-0.343551,-0.723495,-1.206121,-2.033558,-2.786731,-3.546953,-4.129438,-4.984941,-6.028118,-6.028118,-4.984941,-4.129438,-3.546953,-2.786731,-2.033558,-1.206121,-0.723495,-0.343551
567.49,0,-0.341893,-0.704003,-1.201716,-2.050448,-2.838364,-3.617764,-4.224348,-5.11921,-6.142474,-6.142474,-5.11921,-4.224348,-3.617764,-2.838364,-2.050448,-1.201716,-0.704003,-0.341893
574.555,0,-0.322914,-0.716333,-1.223497,-2.07571,-2.872524,-3.670845,-4.292564,-5.197429,-6.165351,-6.165351,-5.197429,-4.292564,-3.670845,-2.872524,-2.07571,-1.223497,-0.716333,-0.322914
581.707,0,-0.328893,-0.756216,-1.276941,-2.12554,-2.921953,-3.749237,-4.375725,-5.285635,-6.238203,-6.238203,-5.285635,-4.375725,-3.749237,-2.921953,-2.12554,-1.276941,-0.756216,-0.328893
588.949,0,-0.353174,-0.788488,-1.316433,-2.16506,-2.949724,-3.790016,-4.43717,-5.354127,-6.316166,-6.316166,-5.354127,-4.43717,-3.790016,-2.949724,-2.16506,-1.316433,-0.788488,-0.353174
596.281,0,-0.391283,-0.83621,-1.378898,-2.227077,-3.012323,-3.870172,-4.538813,-5.453281,-6.426868,-6.426868,-5.453281,-4.538813,-3.870172,-3.012323,-2.227077,-1.378898,-0.83621,-0.391283
603.703,0,-0.429554,-0.884523,-1.420164,-2.272052,-3.06859,-3.942566,-4.646082,-5.58402,-6.59852,-6.59852,-5.58402,-4.646082,-3.942566,-3.06859,-2.272052,-1.420164,-0.884523,-0.429554
611.219,0,-0.416155,-0.893288,-1.42169,-2.272825,-3.095016,-3.96781,-4.733047,-5.688543,-6.738272,-6.738272,-5.688543,-4.733047,-3.96781,-3.095016,-2.272825,-1.42169,-0.893288,-0.416155
618.828,0,-0.374002,-0.84197,-1.385136,-2.226667,-3.08032,-3.958168,-4.799881,-5.769215,-6.827002,-6.827002,-5.769215,-4.799881,-3.958168,-3.08032,-2.226667,-1.385136,-0.84197,-0.374002
626.531,0,-0.338831,-0.776921,-1.341362,-2.185812,-3.088923,-3.977022,-4.898424,-5.891648,-6.943846,-6.943846,-5.891648,-4.898424,-3.977022,-3.088923,-2.185812,-1.341362,-0.776921,-0.338831
634.331,0,-0.241718,-0.669651,-1.242885,-2.102155,-3.083047,-3.996343,-5.015678,-6.025524,-7.119875,-7.119875,-6.025524,-5.015678,-3.996343,-3.083047,-2.102155,-1.242885,-0.669651,-0.241718
642.228,0,-0.106125,-0.5544,-1.126547,-2.014589,-3.039026,-3.945112,-5.061588,-6.063604,-7.224512,-7.224512,-6.063604,-5.061588,-3.945112,-3.039026,-2.014589,-1.126547,-0.5544,-0.106125
650.222,0,-0.052319,-0.51095,-1.058035,-1.965828,-3.026943,-3.95483,-5.126782,-6.155749,-7.322321,-7.322321,-6.155749,-5.126782,-3.95483,-3.026943,-1.965828,-1.058035,-0.51095,-0.052319
658.317,0,-0.062513,-0.51178,-1.052074,-1.968346,-3.056994,-4.019594,-5.248156,-6.298389,-7.476215,-7.476215,-6.298389,-5.248156,-4.019594,-3.056994,-1.968346,-1.052074,-0.51178,-0.062513
666.512,0,-0.064345,-0.511389,-1.044474,-1.952725,-3.034344,-4.021635,-5.269385,-6.325093,-7.532635,-7.532635,-6.325093,-5.269385,-4.021635,-3.034344,-1.952725,-1.044474,-0.511389,-0.064345
674.809,0,-0.069962,-0.512638,-1.0396,-1.929245,-3.002319,-4.005032,-5.299521,-6.350384,-7.609577,-7.609577,-6.350384,-5.299521,-4.005032,-3.002319,-1.929245,-1.0396,-0.512638,-0.069962
683.21,0,-0.113822,-0.549851,-1.077614,-1.936284,-3.002835,-4.036828,-5.398255,-6.455832,-7.716485,-7.716485,-6.455832,-5.398255,-4.036828,-3.002835,-1.936284,-1.077614,-0.549851,-0.113822
691.715,0,-0.154362,-0.601606,-1.111765,-1.943808,-2.999391,-4.061413,-5.464258,-6.564808,-7.80467,-7.80467,-6.564808,-5.464258,-4.061413,-2.999391,-1.943808,-1.111765,-0.601606,-0.154362
700.326,0,-0.172433,-0.603036,-1.111726,-1.915283,-2.919454,-3.988552,-5.384836,-6.528911,-7.761802,-7.761802,-6.528911,-5.384836,-3.988552,-2.919454,-1.915283,-1.111726,-0.603036,-0.172433
709.044,0,-0.200167,-0.610504,-1.090479,-1.882181,-2.830381,-3.892183,-5.259609,-6.421108,-7.682314,-7.682314,-6.421108,-5.259609,-3.892183,-2.830381,-1.882181,-1.090479,-0.610504,-0.200167
717.871,0,-0.226631,-0.627422,-1.094665,-1.866035,-2.797851,-3.856592,-5.226669,-6.404524,-7.671261,-7.671261,-6.404524,-5.226669,-3.856592,-2.797851,-1.866035,-1.094665,-0.627422,-0.226631
726.807,0,-0.217867,-0.605154,-1.055355,-1.813555,-2.715531,-3.767901,-5.135307,-6.336355,-7.613964,-7.613964,-6.336355,-5.135307,-3.767901,-2.715531,-1.813555,-1.055355,-0.605154,-0.217867
735.855,0,-0.18158,-0.549164,-0.990582,-1.738387,-2.610464,-3.648625,-4.992342,-6.222544,-7.511378,-7.511378,-6.222544,-4.992342,-3.648625,-2.610464,-1.738387,-0.990582,-0.549164,-0.18158
745.016,0,-0.150786,-0.50149,-0.928154,-1.672049,-2.524443,-3.540974,-4.887743,-6.124506,-7.448664,-7.448664,-6.124506,-4.887743,-3.540974,-2.524443,-1.672049,-0.928154,-0.50149,-0.150786
754.29,0,-0.109968,-0.450812,-0.863829,-1.596022,-2.434092,-3.428469,-4.767628,-5.989304,-7.305498,-7.305498,-5.989304,-4.767628,-3.428469,-2.434092,-1.596022,-0.863829,-0.450812,-0.109968
763.68,0,-0.066548,-0.416317,-0.821305,-1.535254,-2.364226,-3.366032,-4.693985,-5.904465,-7.206517,-7.206517,-5.904465,-4.693985,-3.366032,-2.364226,-1.535254,-0.821305,-0.416317,-0.066548
773.187,0,-0.04899,-0.404615,-0.802116,-1.504535,-2.297706,-3.292617,-4.610567,-5.826368,-7.133732,-7.133732,-5.826368,-4.610567,-3.292617,-2.297706,-1.504535,-0.802116,-0.404615,-0.04899
782.812,0,-0.068426,-0.427294,-0.839443,-1.528111,-2.290812,-3.286686,-4.586372,-5.791578,-7.061501,-7.061501,-5.791578,-4.586372,-3.286686,-2.290812,-1.528111,-0.839443,-0.427294,-0.068426
792.557,0,-0.108156,-0.448838,-0.882082,-1.561318,-2.284622,-3.288889,-4.571362,-5.79217,-7.017117,-7.017117,-5.79217,-4.571362,-3.288889,-2.284622,-1.561318,-0.882082,-0.448838,-0.108156
802.424,0,-0.137873,-0.469961,-0.915613,-1.580992,-2.287989,-3.271713,-4.521322,-5.754604,-6.983108,-6.983108,-5.754604,-4.521322,-3.271713,-2.287989,-1.580992,-0.915613,-0.469961,-0.137873
812.413,0,-0.121355,-0.461998,-0.916633,-1.553917,-2.23772,-3.181238,-4.369554,-5.592174,-6.837358,-6.837358,-5.592174,-4.369554,-3.181238,-2.23772,-1.553917,-0.916633,-0.461998,-0.121355
822.526,0,-0.157528,-0.455112,-0.933914,-1.550798,-2.186966,-3.103571,-4.243326,-5.473661,-6.640558,-6.640558,-5.473661,-4.243326,-3.103571,-2.186966,-1.550798,-0.933914,-0.455112,-0.157528
832.766,0,-0.187082,-0.434151,-0.923958,-1.510143,-2.133913,-3.029585,-4.109574,-5.328999,-6.477356,-6.477356,-5.328999,-4.109574,-3.029585,-2.133913,-1.510143,-0.923958,-0.434151,-0.187082
843.133,0,-0.115576,-0.37405,-0.866823,-1.446095,-2.057934,-2.887573,-3.92457,-5.094099,-6.26586,-6.26586,-5.094099,-3.92457,-2.887573,-2.057934,-1.446095,-0.866823,-0.37405,-0.115576
853.629,0,-0.076933,-0.359087,-0.830145,-1.404514,-1.996632,-2.789726,-3.802242,-4.907188,-6.044712,-6.044712,-4.907188,-3.802242,-2.789726,-1.996632,-1.404514,-0.830145,-0.359087,-0.076933
864.255,0,-0.120611,-0.429716,-0.90414,-1.48447,-2.080326,-2.866792,-3.871689,-4.935627,-6.036997,-6.036997,-4.935627,-3.871689,-2.866792,-2.080326,-1.48447,-0.90414,-0.429716,-0.120611
875.014,0,-0.164299,-0.510387,-0.999861,-1.586552,-2.181349,-2.959947,-3.952303,-4.972677,-6.069355,-6.069355,-4.972677,-3.952303,-2.959947,-2.181349,-1.586552,-0.999861,-0.510387,-0.164299
885.907,0,-0.175562,-0.51754,-1.028414,-1.613598,-2.221299,-2.994833,-3.982573,-4.968644,-6.095143,-6.095143,-4.968644,-3.982573,-2.994833,-2.221299,-1.613598,-1.028414,-0.51754,-0.175562
896.935,0,-0.185786,-0.509348,-1.049567,-1.632385,-2.269707,-3.052273,-4.045153,-5.011997,-6.195421,-6.195421,-5.011997,-4.045153,-3.052273,-2.269707,-1.632385,-1.049567,-0.509348,-0.185786
908.101,0,-0.183697,-0.506687,-1.041422,-1.634331,-2.31637,-3.121491,-4.13002,-5.105515,-6.322088,-6.322088,-5.105515,-4.13002,-3.121491,-2.31637,-1.634331,-1.041422,-0.506687,-0.183697
919.406,0,-0.162821,-0.484896,-1.019163,-1.624346,-2.343426,-3.195381,-4.217148,-5.215139,-6.437883,-6.437883,-5.215139,-4.217148,-3.195381,-2.343426,-1.624346,-1.019163,-0.484896,-0.162821
930.851,0,-0.137024,-0.470352,-1.003971,-1.63888,-2.394647,-3.271837,-4.316692,-5.333977,-6.556396,-6.556396,-5.333977,-4.316692,-3.271837,-2.394647,-1.63888,-1.003971,-0.470352,-0.137024
942.439,0,-0.123796,-0.471706,-1.003151,-1.674051,-2.46767,-3.355179,-4.415493,-5.447569,-6.652765,-6.652765,-5.447569,-4.415493,-3.355179,-2.46767,-1.674051,-1.003151,-0.471706,-0.123796
954.171,0,-0.119056,-0.490331,-1.02498,-1.723537,-2.552509,-3.447284,-4.512844,-5.560159,-6.781749,-6.781749,-5.560159,-4.512844,-3.447284,-2.552509,-1.723537,-1.02498,-0.490331,-0.119056
966.049,0,-0.100116,-0.466785,-1.011982,-1.722297,-2.553262,-3.467464,-4.515285,-5.578193,-6.841001,-6.841001,-5.578193,-4.515285,-3.467464,-2.553262,-1.722297,-1.011982,-0.466785,-0.100116
978.076,0,-0.083532,-0.459346,-0.995664,-1.725711,-2.544555,-3.434743,-4.477262,-5.581388,-6.88035,-6.88035,-5.581388,-4.477262,-3.434743,-2.544555,-1.725711,-0.995664,-0.459346,-0.083532
990.251,0,-0.094843,-0.478754,-1.010876,-1.757956,-2.569008,-3.43359,-4.487925,-5.627079,-6.947806,-6.947806,-5.627079,-4.487925,-3.43359,-2.569008,-1.757956,-1.010876,-0.478754,-0.094843
1002.579,0,-0.100537,-0.469389,-1.004544,-1.753388,-2.573863,-3.467942,-4.535342,-5.706101,-7.025414,-7.025414,-5.706101,-4.535342,-3.467942,-2.573863,-1.753388,-1.004544,-0.469389,-0.100537
1015.06,0,-0.131245,-0.481301,-1.022501,-1.768122,-2.589417,-3.511715,-4.614678,-5.830717,-7.152157,-7.152157,-5.830717,-4.614678,-3.511715,-2.589417,-1.768122,-1.022501,-0.481301,-0.131245
1027.696,0,-0.169773,-0.503664,-1.041183,-1.778993,-2.597398,-3.570566,-4.698219,-5.942888,-7.284603,-7.284603,-5.942888,-4.698219,-3.570566,-2.597398,-1.778993,-1.041183,-0.503664,-0.169773
1040.489,0,-0.199166,-0.520802,-1.052532,-1.794014,-2.595911,-3.661156,-4.832277,-6.114178,-7.448834,-7.448834,-6.114178,-4.832277,-3.661156,-2.595911,-1.794014,-1.052532,-0.520802,-0.199166
1053.442,0,-0.192471,-0.495415,-1.022196,-1.776342,-2.586718,-3.735533,-4.955807,-6.30085,-7.674236,-7.674236,-6.30085,-4.955807,-3.735533,-2.586718,-1.776342,-1.022196,-0.495415,-0.192471
1066.556,0,-0.160799,-0.44199,-0.951119,-1.701575,-2.532692,-3.676453,-4.926634,-6.309166,-7.766972,-7.766972,-6.309166,-4.926634,-3.676453,-2.532692,-1.701575,-0.951119,-0.44199,-0.160799
1079.833,0,-0.147505,-0.416794,-0.911703,-1.669646,-2.523184,-3.675385,-4.967575,-6.411238,-7.896538,-7.896538,-6.411238,-4.967575,-3.675385,-2.523184,-1.669646,-0.911703,-0.416794,-0.147505
1093.276,0,-0.121479,-0.362291,-0.823774,-1.566772,-2.439365,-3.596887,-4.907808,-6.394901,-7.937651,-7.937651,-6.394901,-4.907808,-3.596887,-2.439365,-1.566772,-0.823774,-0.362291,-0.121479
1106.886,0,-0.101128,-0.32444,-0.765161,-1.504049,-2.381325,-3.492422,-4.792404,-6.291714,-7.882769,-7.882769,-6.291714,-4.792404,-3.492422,-2.381325,-1.504049,-0.765161,-0.32444,-0.101128
1120.665,0,-0.073519,-0.286856,-0.693779,-1.414967,-2.299242,-3.362885,-4.67206,-6.154547,-7.764166,-7.764166,-6.154547,-4.67206,-3.362885,-2.299242,-1.414967,-0.693779,-0.286856,-0.073519
1134.616,0,-0.073776,-0.271348,-0.657901,-1.357831,-2.235136,-3.267488,-4.560098,-6.049175,-7.660158,-7.660158,-6.049175,-4.560098,-3.267488,-2.235136,-1.357831,-0.657901,-0.271348,-0.073776
1148.741,0,-0.079966,-0.272207,-0.646782,-1.336393,-2.213106,-3.229322,-4.510336,-5.989532,-7.5893,-7.5893,-5.989532,-4.510336,-3.229322,-2.213106,-1.336393,-0.646782,-0.272207,-0.079966
1163.041,0,-0.090541,-0.266361,-0.637912,-1.311836,-2.179927,-3.187007,-4.460601,-5.932998,-7.532465,-7.532465,-5.932998,-4.460601,-3.187007,-2.179927,-1.311836,-0.637912,-0.266361,-0.090541
1177.519,0,-0.114813,-0.257473,-0.629206,-1.280318,-2.133208,-3.125067,-4.372836,-5.813141,-7.415324,-7.415324,-5.813141,-4.372836,-3.125067,-2.133208,-1.280318,-0.629206,-0.257473,-0.114813
1192.178,0,-0.114813,-0.220871,-0.562659,-1.194249,-2.017498,-3.013649,-4.216347,-5.630198,-7.20167,-7.20167,-5.630198,-4.216347,-3.013649,-2.017498,-1.194249,-0.562659,-0.220871,-0.114813
1207.019,0,-0.091009,-0.170936,-0.482616,-1.101084,-1.910352,-2.924919,-4.108591,-5.509071,-7.008114,-7.008114,-5.509071,-4.108591,-2.924919,-1.910352,-1.101084,-0.482616,-0.170936,-0.091009
1222.045,0,-0.056076,-0.124026,-0.408955,-1.012478,-1.819621,-2.846032,-4.025288,-5.401049,-6.856469,-6.856469,-5.401049,-4.025288,-2.846032,-1.819621,-1.012478,-0.408955,-0.124026,-0.056076
1237.258,0,0.000858,-0.047131,-0.301094,-0.889435,-1.698446,-2.744427,-3.930245,-5.282679,-6.685591,-6.685591,-5.282679,-3.930245,-2.744427,-1.698446,-0.889435,-0.301094,-0.047131,0.000858
1252.66,0,0.04984,-0.003404,-0.228099,-0.80882,-1.635646,-2.676372,-3.872442,-5.201005,-6.566076,-6.566076,-5.201005,-3.872442,-2.676372,-1.635646,-0.80882,-0.228099,-0.003404,0.04984
1268.254,0,0.077972,0.039549,-0.163765,-0.737057,-1.58308,-2.633629,-3.832426,-5.139503,-6.485538,-6.485538,-5.139503,-3.832426,-2.633629,-1.58308,-0.737057,-0.163765,0.039549,0.077972
1284.042,0,0.081339,0.057869,-0.116348,-0.682163,-1.525545,-2.552233,-3.743591,-5.057506,-6.405811,-6.405811,-5.057506,-3.743591,-2.552233,-1.525545,-0.682163,-0.116348,0.057869,0.081339
1300.027,0,0.034914,0.014629,-0.127525,-0.678587,-1.534824,-2.543936,-3.743668,-5.060511,-6.402454,-6.402454,-5.060511,-3.743668,-2.543936,-1.534824,-0.678587,-0.127525,0.014629,0.034914
1316.211,0,0.031299,0.014744,-0.116892,-0.666743,-1.540251,-2.546807,-3.750191,-5.080786,-6.443472,-6.443472,-5.080786,-3.750191,-2.546807,-1.540251,-0.666743,-0.116892,0.014744,0.031299
1332.596,0,0.015239,0.026788,-0.111799,-0.66658,-1.561775,-2.586642,-3.808413,-5.152493,-6.49684,-6.49684,-5.152493,-3.808413,-2.586642,-1.561775,-0.66658,-0.111799,0.026788,0.015239
1349.185,0,0.012836,0.054741,-0.082884,-0.645314,-1.56003,-2.601328,-3.814326,-5.15647,-6.491949,-6.491949,-5.15647,-3.814326,-2.601328,-1.56003,-0.645314,-0.082884,0.054741,0.012836
1365.981,0,0.020609,0.09079,-0.048313,-0.603991,-1.527452,-2.614813,-3.832369,-5.164061,-6.486761,-6.486761,-5.164061,-3.832369,-2.614813,-1.527452,-0.603991,-0.048313,0.09079,0.020609
1382.985,0,0.068932,0.151549,0.020008,-0.53523,-1.467495,-2.623863,-3.827896,-5.159921,-6.482904,-6.482904,-5.159921,-3.827896,-2.623863,-1.467495,-0.53523,0.020008,0.151549,0.068932
1400.202,0,0.115766,0.222702,0.107936,-0.4422,-1.379271,-2.558756,-3.742171,-5.062457,-6.411133,-6.411133,-5.062457,-3.742171,-2.558756,-1.379271,-0.4422,0.107936,0.222702,0.115766
1417.633,0,0.113153,0.232105,0.128021,-0.426369,-1.362477,-2.549296,-3.735533,-5.061331,-6.35932,-6.35932,-5.061331,-3.735533,-2.549296,-1.362477,-0.426369,0.128021,0.232105,0.113153
1435.28,0,0.117264,0.223971,0.134974,-0.409555,-1.366253,-2.587032,-3.785362,-5.12392,-6.392078,-6.392078,-5.12392,-3.785362,-2.587032,-1.366253,-0.409555,0.134974,0.223971,0.117264
1453.148,0,0.093212,0.202694,0.116968,-0.434866,-1.409655,-2.655993,-3.86137,-5.207253,-6.45092,-6.45092,-5.207253,-3.86137,-2.655993,-1.409655,-0.434866,0.116968,0.202694,0.093212
1471.238,0,0.091295,0.19516,0.120077,-0.437984,-1.439705,-2.692709,-3.933201,-5.272388,-6.492929,-6.492929,-5.272388,-3.933201,-2.692709,-1.439705,-0.437984,0.120077,0.19516,0.091295
1489.553,0,0.068865,0.178509,0.099087,-0.462303,-1.487589,-2.754975,-4.029665,-5.377102,-6.594105,-6.594105,-5.377102,-4.029665,-2.754975,-1.487589,-0.462303,0.099087,0.178509,0.068865
1508.096,0,0.04201,0.138683,0.050421,-0.522384,-1.569767,-2.857246,-4.167194,-5.527782,-6.745701,-6.745701,-5.527782,-4.167194,-2.857246,-1.569767,-0.522384,0.050421,0.138683,0.04201
1526.87,0,0.014496,0.097466,-0.013723,-0.59679,-1.668539,-2.978229,-4.323549,-5.723665,-6.930559,-6.930559,-5.723665,-4.323549,-2.978229,-1.668539,-0.59679,-0.013723,0.097466,0.014496
1545.877,0,-0.036641,0.037078,-0.104943,-0.69356,-1.801291,-3.12995,-4.530945,-5.969246,-7.184124,-7.184124,-5.969246,-4.530945,-3.12995,-1.801291,-0.69356,-0.104943,0.037078,-0.036641
1565.121,0,-0.05519,0.01275,-0.13587,-0.734749,-1.853924,-3.212157,-4.623023,-6.080313,-7.336493,-7.336493,-6.080313,-4.623023,-3.212157,-1.853924,-0.734749,-0.13587,0.01275,-0.05519
1584.605,0,-0.061398,-0.011521,-0.168171,-0.782547,-1.919451,-3.310557,-4.73155,-6.213721,-7.439902,-7.439902,-6.213721,-4.73155,-3.310557,-1.919451,-0.782547,-0.168171,-0.011521,-0.061398
1604.332,0,-0.058251,-0.036526,-0.209952,-0.836573,-1.989308,-3.399106,-4.838973,-6.341555,-7.559527,-7.559527,-6.341555,-4.838973,-3.399106,-1.989308,-0.836573,-0.209952,-0.036526,-0.058251
1624.303,0,-0.067215,-0.056915,-0.243921,-0.891409,-2.055397,-3.487158,-4.94214,-6.48365,-7.678993,-7.678993,-6.48365,-4.94214,-3.487158,-2.055397,-0.891409,-0.243921,-0.056915,-0.067215
1644.524,0,-0.059166,-0.070382,-0.276623,-0.936575,-2.114201,-3.561879,-5.039444,-6.598397,-7.784665,-7.784665,-6.598397,-5.039444,-3.561879,-2.114201,-0.936575,-0.276623,-0.070382,-0.059166
1664.996,0,-0.045576,-0.081625,-0.307264,-0.992432,-2.20417,-3.686266,-5.193767,-6.769552,-7.935697,-7.935697,-6.769552,-5.193767,-3.686266,-2.20417,-0.992432,-0.307264,-0.081625,-0.045576
1685.723,0,-0.048561,-0.106516,-0.35203,-1.074495,-2.295904,-3.776817,-5.297506,-6.933538,-8.103914,-8.103914,-6.933538,-5.297506,-3.776817,-2.295904,-1.074495,-0.35203,-0.106516,-0.048561
1706.708,0,-0.111876,-0.190621,-0.451346,-1.183348,-2.424288,-3.926774,-5.481396,-7.151947,-8.312542,-8.312542,-7.151947,-5.481396,-3.926774,-2.424288,-1.183348,-0.451346,-0.190621,-0.111876
1727.955,0,-0.14676,-0.27256,-0.548839,-1.302022,-2.575311,-4.103136,-5.690622,-7.414217,-8.595693,-8.595693,-7.414217,-5.690622,-4.103136,-2.575311,-1.302022,-0.548839,-0.27256,-0.14676
1749.466,0,-0.18672,-0.348873,-0.650434,-1.425113,-2.722387,-4.283771,-5.946188,-7.718267,-8.950918,-8.950918,-7.718267,-5.946188,-4.283771,-2.722387,-1.425113,-0.650434,-0.348873,-0.18672
1771.244,0,-0.225716,-0.406914,-0.727787,-1.536121,-2.856875,-4.440289,-6.168938,-8.012905,-9.297016,-9.297016,-8.012905,-6.168938,-4.440289,-2.856875,-1.536121,-0.727787,-0.406914,-0.225716
1793.294,0,-0.263004,-0.46422,-0.80389,-1.634273,-2.972869,-4.595108,-6.367986,-8.261213,-9.632986,-9.632986,-8.261213,-6.367986,-4.595108,-2.972869,-1.634273,-0.80389,-0.46422,-0.263004
1815.618,0,-0.274334,-0.49468,-0.866813,-1.70866,-3.049249,-4.682703,-6.486389,-8.449726,-9.864189,-9.864189,-8.449726,-6.486389,-4.682703,-3.049249,-1.70866,-0.866813,-0.49468,-0.274334
1838.221,0,-0.29994,-0.539294,-0.942316,-1.802512,-3.15857,-4.815331,-6.661291,-8.70344,-10.218497,-10.218497,-8.70344,-6.661291,-4.815331,-3.15857,-1.802512,-0.942316,-0.539294,-0.29994
1861.104,0,-0.317917,-0.561762,-0.984964,-1.870089,-3.238058,-4.894371,-6.769514,-8.888514,-10.485334,-10.485334,-8.888514,-6.769514,-4.894371,-3.238058,-1.870089,-0.984964,-0.561762,-0.317917
1884.272,0,-0.351877,-0.628223,-1.069479,-1.967907,-3.349809,-5.017738,-6.932394,-9.151952,-10.827924,-10.827924,-9.151952,-6.932394,-5.017738,-3.349809,-1.967907,-1.069479,-0.628223,-0.351877
1907.729,0,-0.378342,-0.675192,-1.143876,-2.067462,-3.458882,-5.173333,-7.117814,-9.412365,-11.155327,-11.155327,-9.412365,-7.117814,-5.173333,-3.458882,-2.067462,-1.143876,-0.675192,-0.378342
1931.478,0,-0.394631,-0.728798,-1.216145,-2.163477,-3.559571,-5.299073,-7.278805,-9.601307,-11.446659,-11.446659,-9.601307,-7.278805,-5.299073,-3.559571,-2.163477,-1.216145,-0.728798,-0.394631
1955.523,0,-0.410929,-0.762816,-1.274271,-2.237368,-3.654719,-5.423346,-7.436045,-9.785174,-11.713274,-11.713274,-9.785174,-7.436045,-5.423346,-3.654719,-2.237368,-1.274271,-0.762816,-0.410929
1979.866,0,-0.418644,-0.792132,-1.329594,-2.310391,-3.736105,-5.546076,-7.618792,-9.980242,-11.998713,-11.998713,-9.980242,-7.618792,-5.546076,-3.736105,-2.310391,-1.329594,-0.792132,-0.418644
2004.513,0,-0.426111,-0.82779,-1.395178,-2.39193,-3.815642,-5.653075,-7.760275,-10.119562,-12.188559,-12.188559,-10.119562,-7.760275,-5.653075,-3.815642,-2.39193,-1.395178,-0.82779,-0.426111
2029.467,0,-0.453758,-0.882807,-1.483183,-2.493458,-3.925171,-5.782137,-7.93809,-10.317114,-12.438154,-12.438154,-10.317114,-7.93809,-5.782137,-3.925171,-2.493458,-1.483183,-0.882807,-0.453758
2054.731,0,-0.455837,-0.906086,-1.542435,-2.552576,-3.983984,-5.872126,-8.084104,-10.479925,-12.661524,-12.661524,-10.479925,-8.084104,-5.872126,-3.983984,-2.552576,-1.542435,-0.906086,-0.455837
2080.31,0,-0.46135,-0.941429,-1.606321,-2.630291,-4.066954,-5.996992,-8.26808,-10.711882,-12.941771,-12.941771,-10.711882,-8.26808,-5.996992,-4.066954,-2.630291,-1.606321,-0.941429,-0.46135
2106.207,0,-0.456199,-0.968246,-1.660747,-2.686624,-4.126463,-6.092645,-8.429163,-10.89343,-13.180456,-13.180456,-10.89343,-8.429163,-6.092645,-4.126463,-2.686624,-1.660747,-0.968246,-0.456199
2132.427,0,-0.44858,-0.993319,-1.714325,-2.757187,-4.191494,-6.188629,-8.601208,-11.089524,-13.398583,-13.398583,-11.089524,-8.601208,-6.188629,-4.191494,-2.757187,-1.714325,-0.993319,-0.44858
2158.973,0,-0.440731,-1.008158,-1.762485,-2.814732,-4.248199,-6.284025,-8.774443,-11.312254,-13.684217,-13.684217,-11.312254,-8.774443,-6.284025,-4.248199,-2.814732,-1.762485,-1.008158,-0.440731
2185.849,0,-0.428743,-1.02086,-1.804847,-2.86477,-4.301471,-6.363039,-8.944929,-11.53058,-13.970022,-13.970022,-11.53058,-8.944929,-6.363039,-4.301471,-2.86477,-1.804847,-1.02086,-0.428743
2213.06,0,-0.420046,-1.034078,-1.843433,-2.926883,-4.363594,-6.445924,-9.089555,-11.752538,-14.235372,-14.235372,-11.752538,-9.089555,-6.445924,-4.363594,-2.926883,-1.843433,-1.034078,-0.420046
2240.61,0,-0.401182,-1.034183,-1.872034,-2.971611,-4.419021,-6.523292,-9.2332,-11.953945,-14.4645,-14.4645,-11.953945,-9.2332,-6.523292,-4.419021,-2.971611,-1.872034,-1.034183,-0.401182
2268.503,0,-0.37837,-1.021185,-1.886911,-3.005257,-4.474993,-6.613133,-9.385059,-12.152378,-14.702137,-14.702137,-12.152378,-9.385059,-6.613133,-4.474993,-3.005257,-1.886911,-1.021185,-0.37837
2296.743,0,-0.355978,-1.009922,-1.897974,-3.042116,-4.527998,-6.701414,-9.532804,-12.342882,-14.907873,-14.907873,-12.342882,-9.532804,-6.701414,-4.527998,-3.042116,-1.897974,-1.009922,-0.355978
2325.334,0,-0.331059,-0.996704,-1.913252,-3.084116,-4.589663,-6.796196,-9.694397,-12.543671,-15.161621,-15.161621,-12.543671,-9.694397,-6.796196,-4.589663,-3.084116,-1.913252,-0.996704,-0.331059
2354.282,0,-0.307722,-0.981321,-1.912451,-3.102255,-4.643707,-6.895168,-9.852321,-12.736168,-15.392437,-15.392437,-12.736168,-9.852321,-6.895168,-4.643707,-3.102255,-1.912451,-0.981321,-0.307722
2383.59,0,-0.268259,-0.950489,-1.894999,-3.105164,-4.670134,-6.956692,-9.977257,-12.904747,-15.589951,-15.589951,-12.904747,-9.977257,-6.956692,-4.670134,-3.105164,-1.894999,-0.950489,-0.268259
2413.262,0,-0.240965,-0.927744,-1.885405,-3.111954,-4.704628,-7.030451,-10.10319,-13.068094,-15.790854,-15.790854,-13.068094,-10.10319,-7.030451,-4.704628,-3.111954,-1.885405,-0.927744,-0.240965
2443.305,0,-0.207491,-0.895147,-1.86511,-3.115043,-4.743852,-7.12043,-10.266857,-13.280945,-16.014366,-16.014366,-13.280945,-10.266857,-7.12043,-4.743852,-3.115043,-1.86511,-0.895147,-0.207491
2473.721,0,-0.180578,-0.872154,-1.847992,-3.120432,-4.7824,-7.20413,-10.417318,-13.454092,-16.201048,-16.201048,-13.454092,-10.417318,-7.20413,-4.7824,-3.120432,-1.847992,-0.872154,-0.180578
2504.515,0,-0.150567,-0.843306,-1.832686,-3.129378,-4.832764,-7.307082,-10.584631,-13.655226,-16.412123,-16.412123,-13.655226,-10.584631,-7.307082,-4.832764,-3.129378,-1.832686,-0.843306,-0.150567
2535.693,0,-0.126381,-0.823393,-1.823006,-3.152409,-4.902744,-7.431183,-10.791111,-13.894093,-16.652622,-16.652622,-13.894093,-10.791111,-7.431183,-4.902744,-3.152409,-1.823006,-0.823393,-0.126381
2567.26,0,-0.102291,-0.806751,-1.817274,-3.181372,-4.985075,-7.577238,-11.011103,-14.160852,-16.887827,-16.887827,-14.160852,-11.011103,-7.577238,-4.985075,-3.181372,-1.817274,-0.806751,-0.102291
2599.219,0,-0.085745,-0.791321,-1.81716,-3.221693,-5.088987,-7.739229,-11.252039,-14.452944,-17.174501,-17.174501,-14.452944,-11.252039,-7.739229,-5.088987,-3.221693,-1.81716,-0.791321,-0.085745
2631.576,0,-0.073338,-0.785799,-1.827012,-3.27488,-5.204134,-7.91734,-11.502011,-14.739933,-17.4735,-17.4735,-14.739933,-11.502011,-7.91734,-5.204134,-3.27488,-1.827012,-0.785799,-0.073338
2664.335,0,-0.070524,-0.801477,-1.857281,-3.355446,-5.368023,-8.157099,-11.816625,-15.077848,-17.807035,-17.807035,-15.077848,-11.816625,-8.157099,-5.368023,-3.355446,-1.857281,-0.801477,-0.070524
2697.503,0,-0.077133,-0.828056,-1.903543,-3.448352,-5.538749,-8.406379,-12.13108,-15.415554,-18.110847,-18.110847,-15.415554,-12.13108,-8.406379,-5.538749,-3.448352,-1.903543,-0.828056,-0.077133
2731.084,0,-0.084753,-0.86154,-1.963177,-3.556862,-5.736874,-8.695576,-12.487782,-15.810872,-18.491803,-18.491803,-15.810872,-12.487782,-8.695576,-5.736874,-3.556862,-1.963177,-0.86154,-0.084753
2765.082,0,-0.106611,-0.918265,-2.052183,-3.701,-5.978014,-9.035044,-12.88296,-16.235674,-18.901529,-18.901529,-16.235674,-12.88296,-9.035044,-5.978014,-3.701,-2.052183,-0.918265,-0.106611
2799.504,0,-0.132885,-0.985422,-2.156334,-3.866901,-6.245165,-9.40917,-13.324938,-16.694067,-19.32604,-19.32604,-16.694067,-13.324938,-9.40917,-6.245165,-3.866901,-2.156334,-0.985422,-0.132885
2834.354,0,-0.17374,-1.076927,-2.292127,-4.068679,-6.559879,-9.847126,-13.843868,-17.232067,-19.797916,-19.797916,-17.232067,-13.843868,-9.847126,-6.559879,-4.068679,-2.292127,-1.076927,-0.17374
2869.638,0,-0.216847,-1.178599,-2.445441,-4.292422,-6.902621,-10.331869,-14.414309,-17.809298,-20.318079,-20.318079,-17.809298,-14.414309,-10.331869,-6.902621,-4.292422,-2.445441,-1.178599,-0.216847
2905.362,0,-0.277119,-1.304788,-2.631903,-4.558573,-7.29746,-10.876425,-15.06629,-18.477869,-20.937139,-20.937139,-18.477869,-15.06629,-10.876425,-7.29746,-4.558573,-2.631903,-1.304788,-0.277119
2941.53,0,-0.332976,-1.443301,-2.843886,-4.85982,-7.747242,-11.492482,-15.79115,-19.243153,-21.635678,-21.635678,-19.243153,-15.79115,-11.492482,-7.747242,-4.85982,-2.843886,-1.443301,-0.332976
2978.148,0,-0.403614,-1.596232,-3.079186,-5.194702,-8.243607,-12.172451,-16.586868,-20.044525,-22.377213,-22.377213,-20.044525,-16.586868,-12.172451,-8.243607,-5.194702,-3.079186,-1.596232,-0.403614
3015.222,0,-0.47101,-1.760416,-3.336077,-5.557928,-8.774271,-12.886847,-17.383787,-20.827009,-23.061304,-23.061304,-20.827009,-17.383787,-12.886847,-8.774271,-5.557928,-3.336077,-1.760416,-0.47101
3052.758,0,-0.541306,-1.931515,-3.616867,-5.956993,-9.351166,-13.648842,-18.201923,-21.553211,-23.666527,-23.666527,-21.553211,-18.201923,-13.648842,-9.351166,-5.956993,-3.616867,-1.931515,-0.541306
3090.761,0,-0.612469,-2.111072,-3.917208,-6.382017,-9.97308,-14.450123,-19.014385,-22.253391,-24.254799,-24.254799,-22.253391,-19.014385,-14.450123,-9.97308,-6.382017,-3.917208,-2.111072,-0.612469
3129.237,0,-0.680094,-2.294436,-4.232149,-6.83465,-10.634241,-15.303469,-19.819975,-22.906218,-24.777434,-24.777434,-22.906218,-19.819975,-15.303469,-10.634241,-6.83465,-4.232149,-2.294436,-0.680094
3168.192,0,-0.745706,-2.479248,-4.563188,-7.316532,-11.338138,-16.18309,-20.541477,-23.378601,-25.151188,-25.151188,-23.378601,-20.541477,-16.18309,-11.338138,-7.316532,-4.563188,-2.479248,-0.745706
3207.632,0,-0.805483,-2.66058,-4.905262,-7.819259,-12.073051,-17.061508,-21.174965,-23.722076,-25.480289,-25.480289,-23.722076,-21.174965,-17.061508,-12.073051,-7.819259,-4.905262,-2.66058,-0.805483
3247.563,0,-0.86237,-2.840424,-5.25404,-8.344957,-12.83227,-17.899237,-21.637133,-23.888674,-25.66659,-25.66659,-23.888674,-21.637133,-17.899237,-12.83227,-8.344957,-5.25404,-2.840424,-0.86237
3287.991,0,-0.913287,-3.015252,-5.614844,-8.897458,-13.627613,-18.686715,-21.910527,-23.874855,-25.687008,-25.687008,-23.874855,-21.910527,-18.686715,-13.627613,-8.897458,-5.614844,-3.015252,-0.913287
3328.923,0,-0.957861,-3.183202,-5.974626,-9.465301,-14.424598,-19.281356,-21.877067,-23.668434,-25.551178,-25.551178,-23.668434,-21.877067,-19.281356,-14.424598,-9.465301,-5.974626,-3.183202,-0.957861
3370.364,0,-0.997801,-3.342896,-6.333952,-10.038365,-15.198403,-19.680317,-21.706249,-23.357838,-25.330677,-25.330677,-23.357838,-21.706249,-19.680317,-15.198403,-10.038365,-6.333952,-3.342896,-0.997801
3412.32,0,-1.031332,-3.490849,-6.689434,-10.624191,-15.951614,-19.8479,-21.361923,-22.925613,-25.007011,-25.007011,-22.925613,-21.361923,-19.8479,-15.951614,-10.624191,-6.689434,-3.490849,-1.031332
3454.799,0,-1.063013,-3.63574,-7.050266,-11.227112,-16.667488,-19.801731,-20.942192,-22.495315,-24.655762,-24.655762,-22.495315,-20.942192,-19.801731,-16.667488,-11.227112,-7.050266,-3.63574,-1.063013
3497.807,0,-1.085529,-3.761539,-7.392911,-11.812963,-17.272798,-19.569406,-20.479364,-22.078733,-24.313535,-24.313535,-22.078733,-20.479364,-19.569406,-17.272798,-11.812963,-7.392911,-3.761539,-1.085529
3541.351,0,-1.105594,-3.878927,-7.726068,-12.391416,-17.739774,-19.243604,-20.048284,-21.695364,-23.981077,-23.981077,-21.695364,-20.048284,-19.243604,-17.739774,-12.391416,-7.726068,-3.878927,-1.105594
3585.436,0,-1.119776,-3.981485,-8.035459,-12.921095,-18.006689,-18.815393,-19.609663,-21.327383,-23.647451,-23.647451,-21.327383,-19.609663,-18.815393,-18.006689,-12.921095,-8.035459,-3.981485,-1.119776
3630.07,0,-1.132031,-4.070139,-8.318844,-13.404999,-18.085976,-18.358631,-19.21442,-21.011532,-23.353817,-23.353817,-21.011532,-19.21442,-18.358631,-18.085976,-13.404999,-8.318844,-4.070139,-1.132031
3675.26,0,-1.140775,-4.148235,-8.579492,-13.836128,-18.03215,-17.937793,-18.878547,-20.744178,-23.11116,-23.11116,-20.744178,-18.878547,-17.937793,-18.03215,-13.836128,-8.579492,-4.148235,-1.140775
3721.012,0,-1.149778,-4.219408,-8.811264,-14.181251,-17.819709,-17.508278,-18.550491,-20.478447,-22.849903,-22.849903,-20.478447,-18.550491,-17.508278,-17.819709,-14.181251,-8.811264,-4.219408,-1.149778
3767.334,0,-1.157045,-4.280243,-9.014282,-14.44642,-17.524336,-17.118185,-18.276556,-20.274114,-22.64451,-22.64451,-20.274114,-18.276556,-17.118185,-17.524336,-14.44642,-9.014282,-4.280243,-1.157045
3814.233,0,-1.16642,-4.338875,-9.193783,-14.640543,-17.200472,-16.781587,-18.05665,-20.115434,-22.486124,-22.486124,-20.115434,-18.05665,-16.781587,-17.200472,-14.640543,-9.193783,-4.338875,-1.16642
3861.715,0,-1.174021,-4.388409,-9.341269,-14.723988,-16.827831,-16.477108,-17.867729,-19.986076,-22.353077,-22.353077,-19.986076,-17.867729,-16.477108,-16.827831,-14.723988,-9.341269,-4.388409,-1.174021
3909.789,0,-1.183615,-4.432945,-9.453707,-14.723682,-16.457607,-16.222096,-17.731831,-19.906094,-22.265789,-22.265789,-19.906094,-17.731831,-16.222096,-16.457607,-14.723682,-9.453707,-4.432945,-1.183615
3958.46,0,-1.194105,-4.471016,-9.536295,-14.647924,-16.112501,-16.025762,-17.65479,-19.884893,-22.231634,-22.231634,-19.884893,-17.65479,-16.025762,-16.112501,-14.647924,-9.536295,-4.471016,-1.194105
4007.738,0,-1.206121,-4.50385,-9.587879,-14.513168,-15.790817,-15.870788,-17.613403,-19.893569,-22.228794,-22.228794,-19.893569,-17.613403,-15.870788,-15.790817,-14.513168,-9.587879,-4.50385,-1.206121
4057.63,0,-1.218948,-4.531536,-9.616127,-14.347877,-15.513084,-15.76213,-17.614288,-19.942512,-22.259311,-22.259311,-19.942512,-17.614288,-15.76213,-15.513084,-14.347877,-9.616127,-4.531536,-1.218948
4108.142,0,-1.231537,-4.550943,-9.613752,-14.146564,-15.262173,-15.696079,-17.655487,-20.028782,-22.321194,-22.321194,-20.028782,-17.655487,-15.696079,-15.262173,-14.146564,-9.613752,-4.550943,-1.231537
4159.283,0,-1.244011,-4.562864,-9.585209,-13.927811,-15.046852,-15.678528,-17.747604,-20.165501,-22.430847,-22.430847,-20.165501,-17.747604,-15.678528,-15.046852,-13.927811,-9.585209,-4.562864,-1.244011
4211.061,0,-1.255073,-4.567098,-9.538269,-13.711349,-14.875297,-15.704239,-17.885723,-20.344612,-22.582416,-22.582416,-20.344612,-17.885723,-15.704239,-14.875297,-13.711349,-9.538269,-4.567098,-1.255073
4263.483,0,-1.265754,-4.567232,-9.475326,-13.504019,-14.749117,-15.782251,-18.070261,-20.568025,-22.781885,-22.781885,-20.568025,-18.070261,-15.782251,-14.749117,-13.504019,-9.475326,-4.567232,-1.265754
4316.559,0,-1.275291,-4.560756,-9.402284,-13.31356,-14.665382,-15.908394,-18.308277,-20.840721,-23.02375,-23.02375,-20.840721,-18.308277,-15.908394,-14.665382,-13.31356,-9.402284,-4.560756,-1.275291
4370.294,0,-1.284151,-4.552241,-9.326992,-13.14884,-14.631422,-16.08631,-18.590605,-21.157477,-23.312376,-23.312376,-21.157477,-18.590605,-16.08631,-14.631422,-13.14884,-9.326992,-4.552241,-1.284151
4424.699,0,-1.291599,-4.53824,-9.246282,-13.006164,-14.633846,-16.306679,-18.921547,-21.522083,-23.642242,-23.642242,-21.522083,-18.921547,-16.306679,-14.633846,-13.006164,-9.246282,-4.53824,-1.291599
4479.781,0,-1.294145,-4.515571,-9.161291,-12.885647,-14.67931,-16.574352,-19.293003,-21.911983,-24.0065,-24.0065,-21.911983,-19.293003,-16.574352,-14.67931,-12.885647,-9.161291,-4.515571,-1.294145
4535.548,0,-1.294307,-4.490871,-9.081258,-12.797792,-14.768629,-16.893415,-19.718683,-22.340173,-24.4013,-24.4013,-22.340173,-19.718683,-16.893415,-14.768629,-12.797792,-9.081258,-4.490871,-1.294307
4592.01,0,-1.290082,-4.460678,-9.010076,-12.739353,-14.897415,-17.257392,-20.180149,-22.806098,-24.829139,-24.829139,-22.806098,-20.180149,-17.257392,-14.897415,-12.739353,-9.010076,-4.460678,-1.290082
4649.175,0,-1.282778,-4.429703,-8.950005,-12.714617,-15.072184,-17.674646,-20.692041,-23.308657,-25.310289,-25.310289,-23.308657,-20.692041,-17.674646,-15.072184,-12.714617,-8.950005,-4.429703,-1.282778
4707.051,0,-1.271629,-4.399595,-8.906136,-12.724464,-15.28698,-18.142109,-21.232254,-23.817196,-25.798607,-25.798607,-23.817196,-21.232254,-18.142109,-15.28698,-12.724464,-8.906136,-4.399595,-1.271629
4765.648,0,-1.258183,-4.367419,-8.870984,-12.757161,-15.530484,-18.63411,-21.771573,-24.302075,-26.2533,-26.2533,-24.302075,-21.771573,-18.63411,-15.530484,-12.757161,-8.870984,-4.367419,-1.258183
4824.975,0,-1.241427,-4.334488,-8.848296,-12.822735,-15.819626,-19.191922,-22.358197,-24.810505,-26.74944,-26.74944,-24.810505,-22.358197,-19.191922,-15.819626,-12.822735,-8.848296,-4.334488,-1.241427
4885.039,0,-1.222381,-4.300403,-8.834753,-12.913141,-16.145212,-19.777338,-22.897539,-25.219869,-27.165842,-27.165842,-25.219869,-22.897539,-19.777338,-16.145212,-12.913141,-8.834753,-4.300403,-1.222381
4945.852,0,-1.200352,-4.262629,-8.822823,-13.017694,-16.490824,-20.376825,-23.37961,-25.54841,-27.524836,-27.524836,-25.54841,-23.37961,-20.376825,-16.490824,-13.017694,-8.822823,-4.262629,-1.200352
5007.421,0,-1.176033,-4.224996,-8.82184,-13.151338,-16.881983,-21.016214,-23.824427,-25.816629,-27.842729,-27.842729,-25.816629,-23.824427,-21.016214,-16.881983,-13.151338,-8.82184,-4.224996,-1.176033
5069.757,0,-1.149978,-4.185476,-8.825865,-13.299551,-17.298834,-21.68102,-24.195822,-26.000387,-28.1024,-28.1024,-26.000387,-24.195822,-21.68102,-17.298834,-13.299551,-8.825865,-4.185476,-1.149978
5132.87,0,-1.122798,-4.147653,-8.837919,-13.465538,-17.746334,-22.338047,-24.438621,-26.068679,-28.274364,-28.274364,-26.068679,-24.438621,-22.338047,-17.746334,-13.465538,-8.837919,-4.147653,-1.122798
5196.768,0,-1.095629,-4.112377,-8.861933,-13.658657,-18.246288,-23.025513,-24.61198,-26.075832,-28.387348,-28.387348,-26.075832,-24.61198,-23.025513,-18.246288,-13.658657,-8.861933,-4.112377,-1.095629
5261.46,0,-1.070518,-4.082193,-8.896961,-13.867302,-18.772308,-23.674423,-24.65332,-25.987274,-28.404686,-28.404686,-25.987274,-24.65332,-23.674423,-18.772308,-13.867302,-8.896961,-4.082193,-1.070518
5326.959,0,-1.047182,-4.058151,-8.94578,-14.101198,-19.359751,-24.294283,-24.583033,-25.841437,-28.362951,-28.362951,-25.841437,-24.583033,-24.294283,-19.359751,-14.101198,-8.94578,-4.058151,-1.047182
5393.273,0,-1.027756,-4.042254,-9.011002,-14.365767,-20.007055,-24.815787,-24.389334,-25.607424,-28.209067,-28.209067,-25.607424,-24.389334,-24.815787,-20.007055,-14.365767,-9.011002,-4.042254,-1.027756
5460.413,0,-1.011219,-4.033222,-9.087601,-14.642837,-20.682087,-25.194683,-24.096573,-25.320434,-27.986,-27.986,-25.320434,-24.096573,-25.194683,-20.682087,-14.642837,-9.087601,-4.033222,-1.011219
5528.388,0,-0.999069,-4.032249,-9.177961,-14.944334,-21.40114,-25.374849,-23.752306,-25.008585,-27.714052,-27.714052,-25.008585,-23.752306,-25.374849,-21.40114,-14.944334,-9.177961,-4.032249,-0.999069
5597.209,0,-0.992002,-4.042225,-9.284801,-15.265713,-22.171638,-25.413505,-23.387573,-24.698723,-27.440529,-27.440529,-24.698723,-23.387573,-25.413505,-22.171638,-15.265713,-9.284801,-4.042225,-0.992002
5666.887,0,-0.990381,-4.062367,-9.40671,-15.609627,-22.97678,-25.301247,-23.010132,-24.386604,-27.146767,-27.146767,-24.386604,-23.010132,-25.301247,-22.97678,-15.609627,-9.40671,-4.062367,-0.990381
5737.433,0,-0.994787,-4.095115,-9.547807,-15.981561,-23.862142,-25.080633,-22.638681,-24.085359,-26.869547,-26.869547,-24.085359,-22.638681,-25.080633,-23.862142,-15.981561,-9.547807,-4.095115,-0.994787
5808.857,0,-1.006556,-4.140091,-9.704666,-16.373653,-24.7715,-24.772575,-22.287006,-23.810062,-26.607494,-26.607494,-23.810062,-22.287006,-24.772575,-24.7715,-16.373653,-9.704666,-4.140091,-1.006556
5881.169,0,-1.02251,-4.193077,-9.872749,-16.771576,-25.650234,-24.416206,-21.961403,-23.560646,-26.366852,-26.366852,-23.560646,-21.961403,-24.416206,-25.650234,-16.771576,-9.872749,-4.193077,-1.02251
5954.383,0,-1.04271,-4.254332,-10.047381,-17.16379,-26.367197,-24.021006,-21.677325,-23.358908,-26.177523,-26.177523,-23.358908,-21.677325,-24.021006,-26.367197,-17.16379,-10.047381,-4.254332,-1.04271
6028.507,0,-1.06657,-4.323664,-10.233372,-17.53931,-26.821835,-23.646011,-21.45649,-23.224983,-26.043537,-26.043537,-23.224983,-21.45649,-23.646011,-26.821835,-17.53931,-10.233372,-4.323664,-1.06657
6103.555,0,-1.093226,-4.405737,-10.446396,-17.924908,-27.056096,-23.311757,-21.285656,-23.138333,-25.966435,-25.966435,-23.138333,-21.285656,-23.311757,-27.056096,-17.924908,-10.446396,-4.405737,-1.093226
6179.536,0,-1.122523,-4.503842,-10.695523,-18.333111,-27.028428,-23.02044,-21.170376,-23.109074,-25.946095,-25.946095,-23.109074,-21.170376,-23.02044,-27.028428,-18.333111,-10.695523,-4.503842,-1.122523
6256.464,0,-1.155844,-4.621163,-10.994721,-18.754959,-26.764336,-22.761364,-21.094532,-23.125908,-25.962571,-25.962571,-23.125908,-21.094532,-22.761364,-26.764336,-18.754959,-10.994721,-4.621163,-1.155844
6334.349,0,-1.192007,-4.760609,-11.358097,-19.224499,-26.265946,-22.547684,-21.086819,-23.20792,-26.052883,-26.052883,-23.20792,-21.086819,-22.547684,-26.265946,-19.224499,-11.358097,-4.760609,-1.192007
6413.204,0,-1.229496,-4.917536,-11.78652,-19.699934,-25.595075,-22.362528,-21.117155,-23.335417,-26.156721,-26.156721,-23.335417,-21.117155,-22.362528,-25.595075,-19.699934,-11.78652,-4.917536,-1.229496
6493.04,0,-1.266603,-5.083952,-12.26223,-20.129402,-24.814243,-22.223175,-21.216869,-23.541088,-26.352596,-26.352596,-23.541088,-21.216869,-22.223175,-24.814243,-20.129402,-12.26223,-5.083952,-1.266603
6573.87,0,-1.302252,-5.258686,-12.803662,-20.524304,-24.014187,-22.074764,-21.332295,-23.768864,-26.56863,-26.56863,-23.768864,-21.332295,-22.074764,-24.014187,-20.524304,-12.803662,-5.258686,-1.302252
6655.706,0,-1.334076,-5.432789,-13.396702,-20.805359,-23.207272,-21.956814,-21.508816,-24.06929,-26.859303,-26.859303,-24.06929,-21.508816,-21.956814,-23.207272,-20.805359,-13.396702,-5.432789,-1.334076
6738.562,0,-1.360779,-5.602207,-14.048767,-20.966435,-22.423115,-21.829331,-21.705875,-24.412994,-27.196713,-27.196713,-24.412994,-21.705875,-21.829331,-22.423115,-20.966435,-14.048767,-5.602207,-1.360779
6822.448,0,-1.379376,-5.757408,-14.743538,-20.977364,-21.682919,-21.687622,-21.910687,-24.794235,-27.582874,-27.582874,-24.794235,-21.910687,-21.687622,-21.682919,-20.977364,-14.743538,-5.757408,-1.379376
6907.379,0,-1.390419,-5.89218,-15.46955,-20.841521,-20.993727,-21.532057,-22.111571,-25.182467,-27.951289,-27.951289,-25.182467,-22.111571,-21.532057,-20.993727,-20.841521,-15.46955,-5.89218,-1.390419
6993.367,0,-1.392575,-6.004916,-16.214972,-20.578967,-20.346003,-21.326617,-22.23646,-25.518332,-28.288996,-28.288996,-25.518332,-22.23646,-21.326617,-20.346003,-20.578967,-16.214972,-6.004916,-1.392575
7080.426,0,-1.386728,-6.091936,-16.951799,-20.232553,-19.743356,-21.060266,-22.243852,-25.725622,-28.472574,-28.472574,-25.725622,-22.243852,-21.060266,-19.743356,-20.232553,-16.951799,-6.091936,-1.386728
7168.568,0,-1.373921,-6.151982,-17.636853,-19.823227,-19.188672,-20.751393,-22.125836,-25.784977,-28.507168,-28.507168,-25.784977,-22.125836,-20.751393,-19.188672,-19.823227,-17.636853,-6.151982,-1.373921
7257.808,0,-1.356267,-6.186588,-18.216983,-19.377185,-18.671482,-20.397518,-21.873416,-25.65216,-28.330318,-28.330318,-25.65216,-21.873416,-20.397518,-18.671482,-19.377185,-18.216983,-6.186588,-1.356267
7348.158,0,-1.33687,-6.2033,-18.665504,-18.908825,-18.186321,-20.035484,-21.546203,-25.418938,-28.039963,-28.039963,-25.418938,-21.546203,-20.035484,-18.186321,-18.908825,-18.665504,-6.2033,-1.33687
7439.633,0,-1.31979,-6.209746,-18.983286,-18.435317,-17.723876,-19.655657,-21.138621,-25.064219,-27.646639,-27.646639,-25.064219,-21.138621,-19.655657,-17.723876,-18.435317,-18.983286,-6.209746,-1.31979
7532.248,0,-1.310043,-6.215096,-19.182079,-17.969425,-17.281838,-19.278515,-20.69566,-24.652214,-27.211483,-27.211483,-24.652214,-20.69566,-19.278515,-17.281838,-17.969425,-19.182079,-6.215096,-1.310043
7626.015,0,-1.313085,-6.229593,-19.294519,-17.520341,-16.861295,-18.915636,-20.250082,-24.224931,-26.768999,-26.768999,-24.224931,-20.250082,-18.915636,-16.861295,-17.520341,-19.294519,-6.229593,-1.313085
7720.949,0,-1.335049,-6.26437,-19.357948,-17.091179,-16.46061,-18.582688,-19.83466,-23.824158,-26.360073,-26.360073,-23.824158,-19.83466,-18.582688,-16.46061,-17.091179,-19.357948,-6.26437,-1.335049
7817.065,0,-1.380111,-6.32888,-19.407749,-16.688469,-16.080856,-18.286457,-19.465389,-23.470401,-26.008033,-26.008033,-23.470401,-19.465389,-18.286457,-16.080856,-16.688469,-19.407749,-6.32888,-1.380111
7914.377,0,-1.451273,-6.432677,-19.473257,-16.312903,-15.71992,-18.028994,-19.150286,-23.169745,-25.719901,-25.719901,-23.169745,-19.150286,-18.028994,-15.71992,-16.312903,-19.473257,-6.432677,-1.451273
8012.901,0,-1.548891,-6.580851,-19.565012,-15.969736,-15.381662,-17.813063,-18.894415,-22.924997,-25.497847,-25.497847,-22.924997,-18.894415,-17.813063,-15.381662,-15.969736,-19.565012,-6.580851,-1.548891
8112.652,0,-1.668835,-6.777192,-19.688301,-15.657776,-15.064621,-17.635289,-18.696175,-22.729905,-25.336018,-25.336018,-22.729905,-18.696175,-17.635289,-15.064621,-15.657776,-19.688301,-6.777192,-1.668835
8213.645,0,-1.803647,-7.021046,-19.841633,-15.375737,-14.767704,-17.492802,-18.551075,-22.572937,-25.224026,-25.224026,-22.572937,-18.551075,-17.492802,-14.767704,-15.375737,-19.841633,-7.021046,-1.803647
8315.894,0,-1.941604,-7.306316,-20.008304,-15.120201,-14.486477,-17.371914,-18.442981,-22.434551,-25.142376,-25.142376,-22.434551,-18.442981,-17.371914,-14.486477,-15.120201,-20.008304,-7.306316,-1.941604
8419.416,0,-2.067734,-7.620659,-20.164917,-14.885605,-14.215218,-17.26138,-18.356705,-22.294594,-25.066185,-25.066185,-22.294594,-18.356705,-17.26138,-14.215218,-14.885605,-20.164917,-7.620659,-2.067734
8524.228,0,-2.167206,-7.947071,-20.284222,-14.663143,-13.945644,-17.149708,-18.277714,-22.138367,-24.982197,-24.982197,-22.138367,-18.277714,-17.149708,-13.945644,-14.663143,-20.284222,-7.947071,-2.167206
8630.343,0,-2.228119,-8.264439,-20.345177,-14.445622,-13.674385,-17.030029,-18.190128,-21.95676,-24.873497,-24.873497,-21.95676,-18.190128,-17.030029,-13.674385,-14.445622,-20.345177,-8.264439,-2.228119
8737.78,0,-2.241234,-8.540108,-20.309181,-14.227745,-13.397572,-16.897278,-18.081734,-21.740124,-24.725697,-24.725697,-21.740124,-18.081734,-16.897278,-13.397572,-14.227745,-20.309181,-8.540108,-2.241234
8846.555,0,-2.210823,-8.755264,-20.182045,-14.002266,-13.108891,-16.74408,-17.944706,-21.496964,-24.546307,-24.546307,-21.496964,-17.944706,-16.74408,-13.108891,-14.002266,-20.182045,-8.755264,-2.210823
8956.683,0,-2.149742,-8.896873,-19.974735,-13.76683,-12.810352,-16.579197,-17.785698,-21.246154,-24.350174,-24.350174,-21.246154,-17.785698,-16.579197,-12.810352,-13.76683,-19.974735,-8.896873,-2.149742
9068.182,0,-2.07901,-8.96677,-19.710491,-13.529804,-12.51128,-16.422184,-17.632206,-21.023891,-24.1702,-24.1702,-21.023891,-17.632206,-16.422184,-12.51128,-13.529804,-19.710491,-8.96677,-2.07901
9181.069,0,-2.024757,-8.99588,-19.437736,-13.297016,-12.217102,-16.282257,-17.497188,-20.846824,-24.041328,-24.041328,-20.846824,-17.497188,-16.282257,-12.217102,-13.297016,-19.437736,-8.99588,-2.024757
9295.362,0,-2.009018,-9.024914,-19.205864,-13.077381,-11.934002,-16.16993,-17.400139,-20.731056,-23.975235,-23.975235,-20.731056,-17.400139,-16.16993,-11.934002,-13.077381,-19.205864,-9.024914,-2.009018
9411.078,0,-2.04319,-9.096299,-19.053803,-12.881203,-11.670704,-16.092595,-17.356594,-20.680752,-23.984082,-23.984082,-20.680752,-17.356594,-16.092595,-11.670704,-12.881203,-19.053803,-9.096299,-2.04319
9528.233,0,-2.125213,-9.244057,-19.01181,-12.707954,-11.423424,-16.038894,-17.36322,-20.680225,-24.051529,-24.051529,-20.680225,-17.36322,-16.038894,-11.423424,-12.707954,-19.01181,-9.244057,-2.125213
9646.849,0,-2.239826,-9.481522,-19.090203,-12.552441,-11.184433,-15.989178,-17.39782,-20.687054,-24.136418,-24.136418,-20.687054,-17.39782,-15.989178,-11.184433,-12.552441,-19.090203,-9.481522,-2.239826
9766.939,0,-2.365543,-9.807152,-19.289421,-12.403328,-10.94191,-15.919105,-17.428932,-20.659698,-24.185013,-24.185013,-20.659698,-17.428932,-15.919105,-10.94191,-12.403328,-19.289421,-9.807152,-2.365543
9888.525,0,-2.483578,-10.207794,-19.595864,-12.247666,-10.684479,-15.806713,-17.421761,-20.559609,-24.151783,-24.151783,-20.559609,-17.421761,-15.806713,-10.684479,-12.247666,-19.595864,-10.207794,-2.483578
10011.625,0,-2.583206,-10.661743,-19.984894,-12.076454,-10.406246,-15.642692,-17.352848,-20.364639,-24.010219,-24.010219,-20.364639,-17.352848,-15.642692,-10.406246,-12.076454,-19.984894,-10.661743,-2.583206
10136.257,0,-2.663334,-11.146218,-20.408875,-11.882447,-10.106037,-15.427742,-17.212704,-20.081154,-23.756081,-23.756081,-20.081154,-17.212704,-15.427742,-10.106037,-11.882447,-20.408875,-11.146218,-2.663334
10262.44,0,-2.732265,-11.634357,-20.787277,-11.664627,-9.787407,-15.170173,-17.003105,-19.722954,-23.407867,-23.407867,-19.722954,-17.003105,-15.170173,-9.787407,-11.664627,-20.787277,-11.634357,-2.732265
10390.195,0,-2.803364,-12.100189,-20.989311,-11.424416,-9.458275,-14.886246,-16.740028,-19.321182,-23.001404,-23.001404,-19.321182,-16.740028,-14.886246,-9.458275,-11.424416,-20.989311,-12.100189,-2.803364
10519.54,0,-2.891807,-12.522213,-20.865604,-11.168091,-9.129471,-14.594242,-16.447166,-18.906082,-22.571815,-22.571815,-18.906082,-16.447166,-14.594242,-9.129471,-11.168091,-20.865604,-12.522213,-2.891807
10650.495,0,-3.00901,-12.883163,-20.336128,-10.904426,-8.814064,-14.31385,-16.151695,-18.506668,-22.15575,-22.15575,-18.506668,-16.151695,-14.31385,-8.814064,-10.904426,-20.336128,-12.883163,-3.00901
10783.08,0,-3.160866,-13.179455,-19.45697,-10.643761,-8.523655,-14.058819,-15.875759,-18.142311,-21.775124,-21.775124,-18.142311,-15.875759,-14.058819,-8.523655,-10.643761,-19.45697,-13.179455,-3.160866
10917.316,0,-3.341934,-13.416397,-18.393601,-10.397446,-8.268936,-13.842564,-15.638855,-17.8284,-21.449631,-21.449631,-17.8284,-15.638855,-13.842564,-8.268936,-10.397446,-18.393601,-13.416397,-3.341934
11053.223,0,-3.53754,-13.604572,-17.298641,-10.174732,-8.056888,-13.669559,-15.45039,-17.570751,-21.185161,-21.185161,-17.570751,-15.45039,-13.669559,-8.056888,-10.174732,-17.298641,-13.604572,-3.53754
11190.821,0,-3.724983,-13.752506,-16.279476,-9.981392,-7.890106,-13.53854,-15.311306,-17.366333,-20.978103,-20.978103,-17.366333,-15.311306,-13.53854,-7.890106,-9.981392,-16.279476,-13.752506,-3.724983
11330.133,0,-3.879837,-13.855247,-15.385753,-9.820091,-7.766983,-13.444797,-15.215706,-17.20647,-20.819916,-20.819916,-17.20647,-15.215706,-13.444797,-7.766983,-9.820091,-15.385753,-13.855247,-3.879837
11471.179,0,-3.983776,-13.896877,-14.6282,-9.685733,-7.679966,-13.374996,-15.149345,-17.078094,-20.693462,-20.693462,-17.078094,-15.149345,-13.374996,-7.679966,-9.685733,-14.6282,-13.896877,-3.983776
11613.98,0,-4.031258,-13.853695,-13.995857,-9.570503,-7.61837,-13.314209,-15.092594,-16.962799,-20.57811,-20.57811,-16.962799,-15.092594,-13.314209,-7.61837,-9.570503,-13.995857,-13.853695,-4.031258
11758.561,0,-4.03001,-13.707352,-13.462021,-9.460785,-7.568741,-13.246986,-15.025665,-16.844253,-20.455993,-20.455993,-16.844253,-15.025665,-13.246986,-7.568741,-9.460785,-13.462021,-13.707352,-4.03001
11904.939,0,-3.994941,-13.44796,-12.994804,-9.341697,-7.517639,-13.158825,-14.930588,-16.708259,-20.308471,-20.308471,-16.708259,-14.930588,-13.158825,-7.517639,-9.341697,-12.994804,-13.44796,-3.994941
12053.141,0,-3.943844,-13.083581,-12.559033,-9.199486,-7.453938,-13.04036,-14.793549,-16.543675,-20.12291,-20.12291,-16.543675,-14.793549,-13.04036,-7.453938,-9.199486,-12.559033,-13.083581,-3.943844
12203.188,0,-3.889705,-12.636119,-12.122749,-9.022571,-7.369701,-12.886734,-14.608242,-16.348468,-19.897548,-19.897548,-16.348468,-14.608242,-12.886734,-7.369701,-9.022571,-12.122749,-12.636119,-3.889705
12355.102,0,-3.838951,-12.129345,-11.661422,-8.805816,-7.264633,-12.702465,-14.377639,-16.127205,-19.63517,-19.63517,-16.127205,-14.377639,-12.702465,-7.264633,-8.805816,-11.661422,-12.129345,-3.838951
12508.907,0,-3.788024,-11.588363,-11.16629,-8.553268,-7.146057,-12.502082,-14.116706,-15.895919,-19.352523,-19.352523,-15.895919,-14.116706,-12.502082,-7.146057,-8.553268,-11.16629,-11.588363,-3.788024
12664.627,0,-3.723968,-11.034187,-10.647404,-8.281288,-7.03252,-12.309723,-13.85255,-15.681709,-19.079208,-19.079208,-15.681709,-13.85255,-12.309723,-7.03252,-8.281288,-10.647404,-11.034187,-3.723968
12822.286,0,-3.623478,-10.484409,-10.135242,-8.018276,-6.951664,-12.161693,-13.624325,-15.523968,-18.856708,-18.856708,-15.523968,-13.624325,-12.161693,-6.951664,-8.018276,-10.135242,-10.484409,-3.623478
12981.907,0,-3.460453,-9.955952,-9.678917,-7.802021,-6.938351,-12.101452,-13.480987,-15.47221,-18.733189,-18.733189,-15.47221,-13.480987,-12.101452,-6.938351,-7.802021,-9.678917,-9.955952,-3.460453
13143.516,0,-3.223076,-9.465332,-9.332276,-7.670861,-7.022896,-12.166199,-13.467202,-15.568886,-18.754075,-18.754075,-15.568886,-13.467202,-12.166199,-7.022896,-7.670861,-9.332276,-9.465332,-3.223076
13307.136,0,-2.924289,-9.029434,-9.142417,-7.656013,-7.226898,-12.383811,-13.621208,-15.852615,-18.956749,-18.956749,-15.852615,-13.621208,-12.383811,-7.226898,-7.656013,-9.142417,-9.029434,-2.924289
13472.793,0,-2.602588,-8.660644,-9.133312,-7.767765,-7.546856,-12.752838,-13.955738,-16.331291,-19.347458,-19.347458,-16.331291,-13.955738,-12.752838,-7.546856,-7.767765,-9.133312,-8.660644,-2.602588
13640.512,0,-2.302315,-8.362999,-9.301499,-7.993805,-7.958214,-13.245499,-14.458664,-16.988915,-19.906586,-19.906586,-16.988915,-14.458664,-13.245499,-7.958214,-7.993805,-9.301499,-8.362999,-2.302315
13810.319,0,-2.056503,-8.134555,-9.621353,-8.307686,-8.42015,-13.807964,-15.094597,-17.78181,-20.580196,-20.580196,-17.78181,-15.094597,-13.807964,-8.42015,-8.307686,-9.621353,-8.134555,-2.056503
13982.24,0,-1.877564,-7.966133,-10.051117,-8.67646,-8.890724,-14.37944,-15.818039,-18.650044,-21.296059,-21.296059,-18.650044,-15.818039,-14.37944,-8.890724,-8.67646,-10.051117,-7.966133,-1.877564
14156.302,0,-1.760922,-7.844391,-10.53487,-9.071789,-9.335545,-14.895542,-16.568859,-19.505577,-21.948994,-21.948994,-19.505577,-16.568859,-14.895542,-9.335545,-9.071789,-10.53487,-7.844391,-1.760922
14332.529,0,-1.687862,-7.753246,-11.007663,-9.474277,-9.730785,-15.304821,-17.282306,-20.243435,-22.421608,-22.421608,-20.243435,-17.282306,-15.304821,-9.730785,-9.474277,-11.007663,-7.753246,-1.687862
14510.951,0,-1.63007,-7.674931,-11.384556,-9.875794,-10.063763,-15.569485,-17.877846,-20.744259,-22.613636,-22.613636,-20.744259,-17.877846,-15.569485,-10.063763,-9.875794,-11.384556,-7.674931,-1.63007
14691.595,0,-1.550636,-7.590904,-11.569099,-10.2808,-10.332355,-15.676967,-18.265648,-20.905533,-22.460888,-22.460888,-20.905533,-18.265648,-15.676967,-10.332355,-10.2808,-11.569099,-7.590904,-1.550636
14874.486,0,-1.410358,-7.484996,-11.486099,-10.713173,-10.54858,-15.649757,-18.381271,-20.703773,-21.999595,-21.999595,-20.703773,-18.381271,-15.649757,-10.54858,-10.713173,-11.486099,-7.484996,-1.410358
15059.655,0,-1.180282,-7.347572,-11.126659,-11.214664,-10.736721,-15.53949,-18.21186,-20.212162,-21.334503,-21.334503,-20.212162,-18.21186,-15.53949,-10.736721,-11.214664,-11.126659,-7.347572,-1.180282
15247.129,0,-0.860188,-7.181244,-10.578823,-11.845715,-10.935669,-15.425045,-17.829953,-19.590416,-20.606831,-20.606831,-19.590416,-17.829953,-15.425045,-10.935669,-11.845715,-10.578823,-7.181244,-0.860188
15436.937,0,-0.492401,-7.001202,-9.986592,-12.660931,-11.185208,-15.389775,-17.366192,-19.007263,-19.960697,-19.960697,-19.007263,-17.366192,-15.389775,-11.185208,-12.660931,-9.986592,-7.001202,-0.492401
15629.106,0,-0.144463,-6.823445,-9.477234,-13.672142,-11.506481,-15.492451,-16.956547,-18.589466,-19.492398,-19.492398,-18.589466,-16.956547,-15.492451,-11.506481,-13.672142,-9.477234,-6.823445,-0.144463
15823.669,0,0.127125,-6.659863,-9.106541,-14.810818,-11.882717,-15.739231,-16.682598,-18.387299,-19.227001,-19.227001,-18.387299,-16.682598,-15.739231,-11.882717,-14.810818,-9.106541,-6.659863,0.127125
16020.654,0,0.305931,-6.510483,-8.839062,-15.901695,-12.257069,-16.063965,-16.548897,-18.368683,-19.118477,-19.118477,-18.368683,-16.548897,-16.063965,-12.257069,-15.901695,-8.839062,-6.510483,0.305931
